Times,Fold,Name Method,M,C,theta,SP,SE,Gmean,F1 Score,Precision,Accuracy,AUC
1,1,Im.AdaBoost.DecisionTree.2,10,None,None,0.9726027397260274,0.5714285714285714,0.7455018404599404,0.6153846153846153,0.9375,0.7720156555772995
1,1,Im.AdaBoost.DecisionTree.1,10,None,0.2,0.9315068493150684,0.7142857142857143,0.8156972693500015,0.588235294117647,0.9125,0.8228962818003914
1,1,Im.AdaBoost.DecisionTree.12,10,None,0.2,0.9452054794520548,0.7142857142857143,0.82167315341149,0.6250000000000001,0.925,0.8297455968688846
1,1,Im.AdaBoost.DecisionTree.1,10,None,0.5,0.9452054794520548,0.5714285714285714,0.7349268105258819,0.5333333333333333,0.9125,0.7583170254403131
1,1,Im.AdaBoost.DecisionTree.12,10,None,0.5,0.958904109589041,0.5714285714285714,0.7402332101976052,0.5714285714285714,0.925,0.7651663405088063
1,1,Im.AdaBoost.DecisionTree.1,10,None,0.8,0.958904109589041,0.5714285714285714,0.7402332101976052,0.5714285714285714,0.925,0.7651663405088063
1,1,Im.AdaBoost.DecisionTree.12,10,None,0.8,0.958904109589041,0.5714285714285714,0.7402332101976052,0.5714285714285714,0.925,0.7651663405088063
1,1,Im.AdaBoost.DecisionTree.1,10,None,1.1,0.9452054794520548,0.7142857142857143,0.82167315341149,0.6250000000000001,0.925,0.8297455968688846
1,1,Im.AdaBoost.DecisionTree.12,10,None,1.1,0.9452054794520548,0.7142857142857143,0.82167315341149,0.6250000000000001,0.925,0.8297455968688846
1,1,Im.AdaBoost.DecisionTree.1,10,None,1.4,0.9452054794520548,0.5714285714285714,0.7349268105258819,0.5333333333333333,0.9125,0.7583170254403131
1,1,Im.AdaBoost.DecisionTree.12,10,None,1.4,0.9315068493150684,0.5714285714285714,0.7295818173310236,0.5,0.9,0.7514677103718199
1,1,Im.AdaBoost.DecisionTree.1,10,None,1.7,0.9452054794520548,0.5714285714285714,0.7349268105258819,0.5333333333333333,0.9125,0.7583170254403131
1,1,Im.AdaBoost.DecisionTree.12,10,None,1.7,0.9452054794520548,0.5714285714285714,0.7349268105258819,0.5333333333333333,0.9125,0.7583170254403131
1,1,Im.AdaBoost.DecisionTree.1,10,None,2,0.9863013698630136,0.5714285714285714,0.7507334965078253,0.6666666666666666,0.95,0.7788649706457925
1,1,Im.AdaBoost.DecisionTree.12,10,None,2,0.9863013698630136,0.5714285714285714,0.7507334965078253,0.6666666666666666,0.95,0.7788649706457925
1,1,Im.ADABoost.SVM.1,10,10000,0.2,0.0,1.0,0.0,0.16091954022988506,0.0875,0.5
1,1,Im.ADABoost.SVM.2,10,10000,0.2,1.0,0.0,0.0,0.0,0.9125,0.5
1,1,Im.ADABoost.SVM.12,10,10000,0.2,0.0,1.0,0.0,0.16091954022988506,0.0875,0.5
1,1,Im.ADABoost.W-SVM.1,10,10000,0.2,0.821917808219178,0.7142857142857143,0.7662141663581954,0.4,0.8125,0.7681017612524461
1,1,Im.ADABoost.W-SVM.2,10,10000,0.2,0.9726027397260274,0.2857142857142857,0.5271494067762755,0.36363636363636365,0.9125,0.6291585127201565
1,1,Im.ADABoost.W-SVM.12,10,10000,0.2,0.1780821917808219,0.42857142857142855,0.2762624464791369,0.08571428571428572,0.2,0.3033268101761253
1,1,Im.ADABoost.SVM.1,10,10000,0.5,0.0,1.0,0.0,0.16091954022988506,0.0875,0.5
1,1,Im.ADABoost.SVM.2,10,10000,0.5,1.0,0.0,0.0,0.0,0.9125,0.5
1,1,Im.ADABoost.SVM.12,10,10000,0.5,0.0,1.0,0.0,0.16091954022988506,0.0875,0.5
1,1,Im.ADABoost.W-SVM.1,10,10000,0.5,0.8082191780821918,0.7142857142857143,0.7598022196044516,0.3846153846153846,0.8,0.7612524461839532
1,1,Im.ADABoost.W-SVM.2,10,10000,0.5,0.9726027397260274,0.2857142857142857,0.5271494067762755,0.36363636363636365,0.9125,0.6291585127201565
1,1,Im.ADABoost.W-SVM.12,10,10000,0.5,0.1917808219178082,0.14285714285714285,0.1655211777204736,0.029850746268656716,0.1875,0.16731898238747553
1,1,Im.ADABoost.SVM.1,10,10000,0.8,0.0,1.0,0.0,0.16091954022988506,0.0875,0.5
1,1,Im.ADABoost.SVM.2,10,10000,0.8,1.0,0.0,0.0,0.0,0.9125,0.5
1,1,Im.ADABoost.SVM.12,10,10000,0.8,0.0,1.0,0.0,0.16091954022988506,0.0875,0.5
1,1,Im.ADABoost.W-SVM.1,10,10000,0.8,0.8082191780821918,0.7142857142857143,0.7598022196044516,0.3846153846153846,0.8,0.7612524461839532
1,1,Im.ADABoost.W-SVM.2,10,10000,0.8,0.9726027397260274,0.2857142857142857,0.5271494067762755,0.36363636363636365,0.9125,0.6291585127201565
1,1,Im.ADABoost.W-SVM.12,10,10000,0.8,0.2054794520547945,0.14285714285714285,0.17133069613002574,0.030303030303030297,0.2,0.1741682974559687
1,1,Im.ADABoost.SVM.1,10,10000,1.1,0.0,1.0,0.0,0.16091954022988506,0.0875,0.5
1,1,Im.ADABoost.SVM.2,10,10000,1.1,1.0,0.0,0.0,0.0,0.9125,0.5
1,1,Im.ADABoost.SVM.12,10,10000,1.1,0.0,1.0,0.0,0.16091954022988506,0.0875,0.5
1,1,Im.ADABoost.W-SVM.1,10,10000,1.1,0.7945205479452054,0.8571428571428571,0.8252379126800112,0.42857142857142855,0.8,0.8258317025440314
1,1,Im.ADABoost.W-SVM.2,10,10000,1.1,0.9726027397260274,0.2857142857142857,0.5271494067762755,0.36363636363636365,0.9125,0.6291585127201565
1,1,Im.ADABoost.W-SVM.12,10,10000,1.1,0.5616438356164384,0.7142857142857143,0.6333831133661963,0.22727272727272727,0.575,0.6379647749510764
1,1,Im.ADABoost.SVM.1,10,10000,1.4,0.0,1.0,0.0,0.16091954022988506,0.0875,0.5
1,1,Im.ADABoost.SVM.2,10,10000,1.4,1.0,0.0,0.0,0.0,0.9125,0.5
1,1,Im.ADABoost.SVM.12,10,10000,1.4,0.0,1.0,0.0,0.16091954022988506,0.0875,0.5
1,1,Im.ADABoost.W-SVM.1,10,10000,1.4,0.547945205479452,1.0,0.7402332101976052,0.2978723404255319,0.5875,0.773972602739726
1,1,Im.ADABoost.W-SVM.2,10,10000,1.4,0.9726027397260274,0.2857142857142857,0.5271494067762755,0.36363636363636365,0.9125,0.6291585127201565
1,1,Im.ADABoost.W-SVM.12,10,10000,1.4,0.547945205479452,1.0,0.7402332101976052,0.2978723404255319,0.5875,0.773972602739726
1,1,Im.ADABoost.SVM.1,10,10000,1.7,0.0,1.0,0.0,0.16091954022988506,0.0875,0.5
1,1,Im.ADABoost.SVM.2,10,10000,1.7,1.0,0.0,0.0,0.0,0.9125,0.5
1,1,Im.ADABoost.SVM.12,10,10000,1.7,0.0,1.0,0.0,0.16091954022988506,0.0875,0.5
1,1,Im.ADABoost.W-SVM.1,10,10000,1.7,0.547945205479452,1.0,0.7402332101976052,0.2978723404255319,0.5875,0.773972602739726
1,1,Im.ADABoost.W-SVM.2,10,10000,1.7,0.9726027397260274,0.2857142857142857,0.5271494067762755,0.36363636363636365,0.9125,0.6291585127201565
1,1,Im.ADABoost.W-SVM.12,10,10000,1.7,0.547945205479452,0.8571428571428571,0.685322784520103,0.2608695652173913,0.575,0.7025440313111546
1,1,Im.ADABoost.SVM.1,10,10000,2,0.0,1.0,0.0,0.16091954022988506,0.0875,0.5
1,1,Im.ADABoost.SVM.2,10,10000,2,1.0,0.0,0.0,0.0,0.9125,0.5
1,1,Im.ADABoost.SVM.12,10,10000,2,0.0,1.0,0.0,0.16091954022988506,0.0875,0.5
1,1,Im.ADABoost.W-SVM.1,10,10000,2,0.547945205479452,1.0,0.7402332101976052,0.2978723404255319,0.5875,0.773972602739726
1,1,Im.ADABoost.W-SVM.2,10,10000,2,0.9726027397260274,0.2857142857142857,0.5271494067762755,0.36363636363636365,0.9125,0.6291585127201565
1,1,Im.ADABoost.W-SVM.12,10,10000,2,0.547945205479452,0.8571428571428571,0.685322784520103,0.2608695652173913,0.575,0.7025440313111546
1,2,Im.AdaBoost.DecisionTree.2,10,None,None,0.9726027397260274,0.42857142857142855,0.645623532406362,0.5,0.925,0.7005870841487281
1,2,Im.AdaBoost.DecisionTree.1,10,None,0.2,0.9863013698630136,0.42857142857142855,0.6501542794476929,0.5454545454545454,0.9375,0.7074363992172211
1,2,Im.AdaBoost.DecisionTree.12,10,None,0.2,0.9726027397260274,0.42857142857142855,0.645623532406362,0.5,0.925,0.7005870841487281
1,2,Im.AdaBoost.DecisionTree.1,10,None,0.5,0.9452054794520548,0.5714285714285714,0.7349268105258819,0.5333333333333333,0.9125,0.7583170254403131
1,2,Im.AdaBoost.DecisionTree.12,10,None,0.5,0.9452054794520548,0.5714285714285714,0.7349268105258819,0.5333333333333333,0.9125,0.7583170254403131
1,2,Im.AdaBoost.DecisionTree.1,10,None,0.8,0.958904109589041,0.5714285714285714,0.7402332101976052,0.5714285714285714,0.925,0.7651663405088063
1,2,Im.AdaBoost.DecisionTree.12,10,None,0.8,0.958904109589041,0.5714285714285714,0.7402332101976052,0.5714285714285714,0.925,0.7651663405088063
1,2,Im.AdaBoost.DecisionTree.1,10,None,1.1,0.958904109589041,0.5714285714285714,0.7402332101976052,0.5714285714285714,0.925,0.7651663405088063
1,2,Im.AdaBoost.DecisionTree.12,10,None,1.1,0.958904109589041,0.7142857142857143,0.827605888602368,0.6666666666666666,0.9375,0.8365949119373778
1,2,Im.AdaBoost.DecisionTree.1,10,None,1.4,0.9863013698630136,0.42857142857142855,0.6501542794476929,0.5454545454545454,0.9375,0.7074363992172211
1,2,Im.AdaBoost.DecisionTree.12,10,None,1.4,0.9863013698630136,0.42857142857142855,0.6501542794476929,0.5454545454545454,0.9375,0.7074363992172211
1,2,Im.AdaBoost.DecisionTree.1,10,None,1.7,0.9726027397260274,0.42857142857142855,0.645623532406362,0.5,0.925,0.7005870841487281
1,2,Im.AdaBoost.DecisionTree.12,10,None,1.7,0.9863013698630136,0.42857142857142855,0.6501542794476929,0.5454545454545454,0.9375,0.7074363992172211
1,2,Im.AdaBoost.DecisionTree.1,10,None,2,0.9863013698630136,0.42857142857142855,0.6501542794476929,0.5454545454545454,0.9375,0.7074363992172211
1,2,Im.AdaBoost.DecisionTree.12,10,None,2,0.9863013698630136,0.42857142857142855,0.6501542794476929,0.5454545454545454,0.9375,0.7074363992172211
1,2,Im.ADABoost.SVM.1,10,10000,0.2,0.0410958904109589,0.5714285714285714,0.15324283327163907,0.09876543209876544,0.0875,0.3062622309197652
1,2,Im.ADABoost.SVM.2,10,10000,0.2,0.958904109589041,0.42857142857142855,0.6410607647560324,0.4615384615384615,0.9125,0.6937377690802349
1,2,Im.ADABoost.SVM.12,10,10000,0.2,0.0410958904109589,0.5714285714285714,0.15324283327163907,0.09876543209876544,0.0875,0.3062622309197652
1,2,Im.ADABoost.W-SVM.1,10,10000,0.2,0.8356164383561644,0.5714285714285714,0.6910102080520185,0.34782608695652173,0.8125,0.7035225048923679
1,2,Im.ADABoost.W-SVM.2,10,10000,0.2,0.9863013698630136,0.42857142857142855,0.6501542794476929,0.5454545454545454,0.9375,0.7074363992172211
1,2,Im.ADABoost.W-SVM.12,10,10000,0.2,0.1643835616438356,0.42857142857142855,0.2654243731222853,0.08450704225352113,0.1875,0.2964774951076321
1,2,Im.ADABoost.SVM.1,10,10000,0.5,0.0410958904109589,0.5714285714285714,0.15324283327163907,0.09876543209876544,0.0875,0.3062622309197652
1,2,Im.ADABoost.SVM.2,10,10000,0.5,0.958904109589041,0.42857142857142855,0.6410607647560324,0.4615384615384615,0.9125,0.6937377690802349
1,2,Im.ADABoost.SVM.12,10,10000,0.5,0.0410958904109589,0.5714285714285714,0.15324283327163907,0.09876543209876544,0.0875,0.3062622309197652
1,2,Im.ADABoost.W-SVM.1,10,10000,0.5,0.8082191780821918,0.5714285714285714,0.6795877649963108,0.32,0.7875,0.6898238747553816
1,2,Im.ADABoost.W-SVM.2,10,10000,0.5,0.9863013698630136,0.42857142857142855,0.6501542794476929,0.5454545454545454,0.9375,0.7074363992172211
1,2,Im.ADABoost.W-SVM.12,10,10000,0.5,0.1643835616438356,0.42857142857142855,0.2654243731222853,0.08450704225352113,0.1875,0.2964774951076321
1,2,Im.ADABoost.SVM.1,10,10000,0.8,0.0410958904109589,0.5714285714285714,0.15324283327163907,0.09876543209876544,0.0875,0.3062622309197652
1,2,Im.ADABoost.SVM.2,10,10000,0.8,0.958904109589041,0.42857142857142855,0.6410607647560324,0.4615384615384615,0.9125,0.6937377690802349
1,2,Im.ADABoost.SVM.12,10,10000,0.8,0.0410958904109589,0.5714285714285714,0.15324283327163907,0.09876543209876544,0.0875,0.3062622309197652
1,2,Im.ADABoost.W-SVM.1,10,10000,0.8,0.821917808219178,0.5714285714285714,0.685322784520103,0.3333333333333333,0.8,0.6966731898238747
1,2,Im.ADABoost.W-SVM.2,10,10000,0.8,0.9863013698630136,0.42857142857142855,0.6501542794476929,0.5454545454545454,0.9375,0.7074363992172211
1,2,Im.ADABoost.W-SVM.12,10,10000,0.8,0.1643835616438356,0.42857142857142855,0.2654243731222853,0.08450704225352113,0.1875,0.2964774951076321
1,2,Im.ADABoost.SVM.1,10,10000,1.1,0.0410958904109589,0.5714285714285714,0.15324283327163907,0.09876543209876544,0.0875,0.3062622309197652
1,2,Im.ADABoost.SVM.2,10,10000,1.1,0.958904109589041,0.42857142857142855,0.6410607647560324,0.4615384615384615,0.9125,0.6937377690802349
1,2,Im.ADABoost.SVM.12,10,10000,1.1,0.0410958904109589,0.5714285714285714,0.15324283327163907,0.09876543209876544,0.0875,0.3062622309197652
1,2,Im.ADABoost.W-SVM.1,10,10000,1.1,0.8082191780821918,0.5714285714285714,0.6795877649963108,0.32,0.7875,0.6898238747553816
1,2,Im.ADABoost.W-SVM.2,10,10000,1.1,0.9863013698630136,0.42857142857142855,0.6501542794476929,0.5454545454545454,0.9375,0.7074363992172211
1,2,Im.ADABoost.W-SVM.12,10,10000,1.1,0.684931506849315,0.5714285714285714,0.6256112470898544,0.23529411764705882,0.675,0.6281800391389433
1,2,Im.ADABoost.SVM.1,10,10000,1.4,0.0410958904109589,0.5714285714285714,0.15324283327163907,0.09876543209876544,0.0875,0.3062622309197652
1,2,Im.ADABoost.SVM.2,10,10000,1.4,0.958904109589041,0.42857142857142855,0.6410607647560324,0.4615384615384615,0.9125,0.6937377690802349
1,2,Im.ADABoost.SVM.12,10,10000,1.4,0.0410958904109589,0.5714285714285714,0.15324283327163907,0.09876543209876544,0.0875,0.3062622309197652
1,2,Im.ADABoost.W-SVM.1,10,10000,1.4,0.6438356164383562,1.0,0.8023936792113683,0.35,0.675,0.821917808219178
1,2,Im.ADABoost.W-SVM.2,10,10000,1.4,0.9863013698630136,0.42857142857142855,0.6501542794476929,0.5454545454545454,0.9375,0.7074363992172211
1,2,Im.ADABoost.W-SVM.12,10,10000,1.4,0.6712328767123288,0.5714285714285714,0.6193235372853323,0.2285714285714286,0.6625,0.6213307240704501
1,2,Im.ADABoost.SVM.1,10,10000,1.7,0.0410958904109589,0.5714285714285714,0.15324283327163907,0.09876543209876544,0.0875,0.3062622309197652
1,2,Im.ADABoost.SVM.2,10,10000,1.7,0.958904109589041,0.42857142857142855,0.6410607647560324,0.4615384615384615,0.9125,0.6937377690802349
1,2,Im.ADABoost.SVM.12,10,10000,1.7,0.0410958904109589,0.5714285714285714,0.15324283327163907,0.09876543209876544,0.0875,0.3062622309197652
1,2,Im.ADABoost.W-SVM.1,10,10000,1.7,0.863013698630137,0.5714285714285714,0.7022468831767834,0.38095238095238093,0.8375,0.7172211350293543
1,2,Im.ADABoost.W-SVM.2,10,10000,1.7,0.9863013698630136,0.42857142857142855,0.6501542794476929,0.5454545454545454,0.9375,0.7074363992172211
1,2,Im.ADABoost.W-SVM.12,10,10000,1.7,0.6438356164383562,0.5714285714285714,0.6065526082181194,0.21621621621621623,0.6375,0.6076320939334638
1,2,Im.ADABoost.SVM.1,10,10000,2,0.0410958904109589,0.5714285714285714,0.15324283327163907,0.09876543209876544,0.0875,0.3062622309197652
1,2,Im.ADABoost.SVM.2,10,10000,2,0.958904109589041,0.42857142857142855,0.6410607647560324,0.4615384615384615,0.9125,0.6937377690802349
1,2,Im.ADABoost.SVM.12,10,10000,2,0.0410958904109589,0.5714285714285714,0.15324283327163907,0.09876543209876544,0.0875,0.3062622309197652
1,2,Im.ADABoost.W-SVM.1,10,10000,2,0.9452054794520548,0.5714285714285714,0.7349268105258819,0.5333333333333333,0.9125,0.7583170254403131
1,2,Im.ADABoost.W-SVM.2,10,10000,2,0.9863013698630136,0.42857142857142855,0.6501542794476929,0.5454545454545454,0.9375,0.7074363992172211
1,2,Im.ADABoost.W-SVM.12,10,10000,2,0.6438356164383562,0.5714285714285714,0.6065526082181194,0.21621621621621623,0.6375,0.6076320939334638
1,3,Im.AdaBoost.DecisionTree.2,10,None,None,1.0,0.16666666666666666,0.408248290463863,0.2857142857142857,0.9375,0.5833333333333334
1,3,Im.AdaBoost.DecisionTree.1,10,None,0.2,1.0,0.16666666666666666,0.408248290463863,0.2857142857142857,0.9375,0.5833333333333334
1,3,Im.AdaBoost.DecisionTree.12,10,None,0.2,1.0,0.16666666666666666,0.408248290463863,0.2857142857142857,0.9375,0.5833333333333334
1,3,Im.AdaBoost.DecisionTree.1,10,None,0.5,1.0,0.16666666666666666,0.408248290463863,0.2857142857142857,0.9375,0.5833333333333334
1,3,Im.AdaBoost.DecisionTree.12,10,None,0.5,1.0,0.16666666666666666,0.408248290463863,0.2857142857142857,0.9375,0.5833333333333334
1,3,Im.AdaBoost.DecisionTree.1,10,None,0.8,1.0,0.16666666666666666,0.408248290463863,0.2857142857142857,0.9375,0.5833333333333334
1,3,Im.AdaBoost.DecisionTree.12,10,None,0.8,1.0,0.16666666666666666,0.408248290463863,0.2857142857142857,0.9375,0.5833333333333334
1,3,Im.AdaBoost.DecisionTree.1,10,None,1.1,1.0,0.16666666666666666,0.408248290463863,0.2857142857142857,0.9375,0.5833333333333334
1,3,Im.AdaBoost.DecisionTree.12,10,None,1.1,1.0,0.16666666666666666,0.408248290463863,0.2857142857142857,0.9375,0.5833333333333334
1,3,Im.AdaBoost.DecisionTree.1,10,None,1.4,1.0,0.16666666666666666,0.408248290463863,0.2857142857142857,0.9375,0.5833333333333334
1,3,Im.AdaBoost.DecisionTree.12,10,None,1.4,1.0,0.16666666666666666,0.408248290463863,0.2857142857142857,0.9375,0.5833333333333334
1,3,Im.AdaBoost.DecisionTree.1,10,None,1.7,1.0,0.16666666666666666,0.408248290463863,0.2857142857142857,0.9375,0.5833333333333334
1,3,Im.AdaBoost.DecisionTree.12,10,None,1.7,1.0,0.16666666666666666,0.408248290463863,0.2857142857142857,0.9375,0.5833333333333334
1,3,Im.AdaBoost.DecisionTree.1,10,None,2,1.0,0.16666666666666666,0.408248290463863,0.2857142857142857,0.9375,0.5833333333333334
1,3,Im.AdaBoost.DecisionTree.12,10,None,2,1.0,0.16666666666666666,0.408248290463863,0.2857142857142857,0.9375,0.5833333333333334
1,3,Im.ADABoost.SVM.1,10,10000,0.2,0.013513513513513514,0.8333333333333334,0.10611908999450223,0.11904761904761904,0.075,0.42342342342342343
1,3,Im.ADABoost.SVM.2,10,10000,0.2,0.9864864864864865,0.16666666666666666,0.40548047353037164,0.25,0.925,0.5765765765765767
1,3,Im.ADABoost.SVM.12,10,10000,0.2,0.013513513513513514,0.8333333333333334,0.10611908999450223,0.11904761904761904,0.075,0.42342342342342343
1,3,Im.ADABoost.W-SVM.1,10,10000,0.2,0.0,1.0,0.0,0.13953488372093023,0.075,0.5
1,3,Im.ADABoost.W-SVM.2,10,10000,0.2,0.9864864864864865,0.16666666666666666,0.40548047353037164,0.25,0.925,0.5765765765765767
1,3,Im.ADABoost.W-SVM.12,10,10000,0.2,0.0,1.0,0.0,0.13953488372093023,0.075,0.5
1,3,Im.ADABoost.SVM.1,10,10000,0.5,0.013513513513513514,0.8333333333333334,0.10611908999450223,0.11904761904761904,0.075,0.42342342342342343
1,3,Im.ADABoost.SVM.2,10,10000,0.5,0.9864864864864865,0.16666666666666666,0.40548047353037164,0.25,0.925,0.5765765765765767
1,3,Im.ADABoost.SVM.12,10,10000,0.5,0.013513513513513514,0.8333333333333334,0.10611908999450223,0.11904761904761904,0.075,0.42342342342342343
1,3,Im.ADABoost.W-SVM.1,10,10000,0.5,0.0,1.0,0.0,0.13953488372093023,0.075,0.5
1,3,Im.ADABoost.W-SVM.2,10,10000,0.5,0.9864864864864865,0.16666666666666666,0.40548047353037164,0.25,0.925,0.5765765765765767
1,3,Im.ADABoost.W-SVM.12,10,10000,0.5,0.02702702702702703,0.8333333333333334,0.15007505629691606,0.12048192771084336,0.0875,0.43018018018018017
1,3,Im.ADABoost.SVM.1,10,10000,0.8,0.013513513513513514,0.8333333333333334,0.10611908999450223,0.11904761904761904,0.075,0.42342342342342343
1,3,Im.ADABoost.SVM.2,10,10000,0.8,0.9864864864864865,0.16666666666666666,0.40548047353037164,0.25,0.925,0.5765765765765767
1,3,Im.ADABoost.SVM.12,10,10000,0.8,0.013513513513513514,0.8333333333333334,0.10611908999450223,0.11904761904761904,0.075,0.42342342342342343
1,3,Im.ADABoost.W-SVM.1,10,10000,0.8,0.0,1.0,0.0,0.13953488372093023,0.075,0.5
1,3,Im.ADABoost.W-SVM.2,10,10000,0.8,0.9864864864864865,0.16666666666666666,0.40548047353037164,0.25,0.925,0.5765765765765767
1,3,Im.ADABoost.W-SVM.12,10,10000,0.8,0.25675675675675674,0.5,0.35829928604223926,0.09375,0.275,0.3783783783783784
1,3,Im.ADABoost.SVM.1,10,10000,1.1,0.9864864864864865,0.16666666666666666,0.40548047353037164,0.25,0.925,0.5765765765765767
1,3,Im.ADABoost.SVM.2,10,10000,1.1,0.9864864864864865,0.16666666666666666,0.40548047353037164,0.25,0.925,0.5765765765765767
1,3,Im.ADABoost.SVM.12,10,10000,1.1,0.013513513513513514,0.8333333333333334,0.10611908999450223,0.11904761904761904,0.075,0.42342342342342343
1,3,Im.ADABoost.W-SVM.1,10,10000,1.1,0.0,1.0,0.0,0.13953488372093023,0.075,0.5
1,3,Im.ADABoost.W-SVM.2,10,10000,1.1,0.9864864864864865,0.16666666666666666,0.40548047353037164,0.25,0.925,0.5765765765765767
1,3,Im.ADABoost.W-SVM.12,10,10000,1.1,0.17567567567567569,0.6666666666666666,0.34222378222022665,0.11267605633802817,0.2125,0.4211711711711711
1,3,Im.ADABoost.SVM.1,10,10000,1.4,0.9864864864864865,0.16666666666666666,0.40548047353037164,0.25,0.925,0.5765765765765767
1,3,Im.ADABoost.SVM.2,10,10000,1.4,0.9864864864864865,0.16666666666666666,0.40548047353037164,0.25,0.925,0.5765765765765767
1,3,Im.ADABoost.SVM.12,10,10000,1.4,0.013513513513513514,0.8333333333333334,0.10611908999450223,0.11904761904761904,0.075,0.42342342342342343
1,3,Im.ADABoost.W-SVM.1,10,10000,1.4,0.0,1.0,0.0,0.13953488372093023,0.075,0.5
1,3,Im.ADABoost.W-SVM.2,10,10000,1.4,0.9864864864864865,0.16666666666666666,0.40548047353037164,0.25,0.925,0.5765765765765767
1,3,Im.ADABoost.W-SVM.12,10,10000,1.4,0.17567567567567569,0.6666666666666666,0.34222378222022665,0.11267605633802817,0.2125,0.4211711711711711
1,3,Im.ADABoost.SVM.1,10,10000,1.7,0.9864864864864865,0.16666666666666666,0.40548047353037164,0.25,0.925,0.5765765765765767
1,3,Im.ADABoost.SVM.2,10,10000,1.7,0.9864864864864865,0.16666666666666666,0.40548047353037164,0.25,0.925,0.5765765765765767
1,3,Im.ADABoost.SVM.12,10,10000,1.7,0.013513513513513514,0.8333333333333334,0.10611908999450223,0.11904761904761904,0.075,0.42342342342342343
1,3,Im.ADABoost.W-SVM.1,10,10000,1.7,0.0,1.0,0.0,0.13953488372093023,0.075,0.5
1,3,Im.ADABoost.W-SVM.2,10,10000,1.7,0.9864864864864865,0.16666666666666666,0.40548047353037164,0.25,0.925,0.5765765765765767
1,3,Im.ADABoost.W-SVM.12,10,10000,1.7,0.16216216216216217,0.6666666666666666,0.3287979746107146,0.1111111111111111,0.2,0.4144144144144144
1,3,Im.ADABoost.SVM.1,10,10000,2,0.9864864864864865,0.16666666666666666,0.40548047353037164,0.25,0.925,0.5765765765765767
1,3,Im.ADABoost.SVM.2,10,10000,2,0.9864864864864865,0.16666666666666666,0.40548047353037164,0.25,0.925,0.5765765765765767
1,3,Im.ADABoost.SVM.12,10,10000,2,0.013513513513513514,0.8333333333333334,0.10611908999450223,0.11904761904761904,0.075,0.42342342342342343
1,3,Im.ADABoost.W-SVM.1,10,10000,2,0.0,1.0,0.0,0.13953488372093023,0.075,0.5
1,3,Im.ADABoost.W-SVM.2,10,10000,2,0.9864864864864865,0.16666666666666666,0.40548047353037164,0.25,0.925,0.5765765765765767
1,3,Im.ADABoost.W-SVM.12,10,10000,2,0.1891891891891892,0.6666666666666666,0.3551424026022887,0.11428571428571428,0.225,0.4279279279279279
1,4,Im.AdaBoost.DecisionTree.2,10,None,None,0.9594594594594594,0.8333333333333334,0.8941753460868564,0.7142857142857143,0.95,0.8963963963963965
1,4,Im.AdaBoost.DecisionTree.1,10,None,0.2,0.9594594594594594,0.3333333333333333,0.565526144240759,0.3636363636363636,0.9125,0.6463963963963963
1,4,Im.AdaBoost.DecisionTree.12,10,None,0.2,0.9594594594594594,0.3333333333333333,0.565526144240759,0.3636363636363636,0.9125,0.6463963963963963
1,4,Im.AdaBoost.DecisionTree.1,10,None,0.5,0.972972972972973,0.3333333333333333,0.5694947974514994,0.4,0.925,0.6531531531531531
1,4,Im.AdaBoost.DecisionTree.12,10,None,0.5,0.972972972972973,0.3333333333333333,0.5694947974514994,0.4,0.925,0.6531531531531531
1,4,Im.AdaBoost.DecisionTree.1,10,None,0.8,0.9594594594594594,0.3333333333333333,0.565526144240759,0.3636363636363636,0.9125,0.6463963963963963
1,4,Im.AdaBoost.DecisionTree.12,10,None,0.8,0.9594594594594594,0.3333333333333333,0.565526144240759,0.3636363636363636,0.9125,0.6463963963963963
1,4,Im.AdaBoost.DecisionTree.1,10,None,1.1,0.9594594594594594,0.3333333333333333,0.565526144240759,0.3636363636363636,0.9125,0.6463963963963963
1,4,Im.AdaBoost.DecisionTree.12,10,None,1.1,0.9594594594594594,0.3333333333333333,0.565526144240759,0.3636363636363636,0.9125,0.6463963963963963
1,4,Im.AdaBoost.DecisionTree.1,10,None,1.4,0.9594594594594594,0.3333333333333333,0.565526144240759,0.3636363636363636,0.9125,0.6463963963963963
1,4,Im.AdaBoost.DecisionTree.12,10,None,1.4,0.9594594594594594,0.3333333333333333,0.565526144240759,0.3636363636363636,0.9125,0.6463963963963963
1,4,Im.AdaBoost.DecisionTree.1,10,None,1.7,0.972972972972973,0.3333333333333333,0.5694947974514994,0.4,0.925,0.6531531531531531
1,4,Im.AdaBoost.DecisionTree.12,10,None,1.7,0.972972972972973,0.3333333333333333,0.5694947974514994,0.4,0.925,0.6531531531531531
1,4,Im.AdaBoost.DecisionTree.1,10,None,2,0.9594594594594594,0.3333333333333333,0.565526144240759,0.3636363636363636,0.9125,0.6463963963963963
1,4,Im.AdaBoost.DecisionTree.12,10,None,2,0.9594594594594594,0.3333333333333333,0.565526144240759,0.3636363636363636,0.9125,0.6463963963963963
1,4,Im.ADABoost.SVM.1,10,10000,0.2,0.02702702702702703,0.5,0.11624763874381928,0.07407407407407407,0.0625,0.2635135135135135
1,4,Im.ADABoost.SVM.2,10,10000,0.2,0.972972972972973,0.5,0.6974858324629157,0.5454545454545454,0.9375,0.7364864864864866
1,4,Im.ADABoost.SVM.12,10,10000,0.2,0.02702702702702703,0.5,0.11624763874381928,0.07407407407407407,0.0625,0.2635135135135135
1,4,Im.ADABoost.W-SVM.1,10,10000,0.2,0.8513513513513513,0.5,0.65243825430126,0.3,0.825,0.6756756756756757
1,4,Im.ADABoost.W-SVM.2,10,10000,0.2,0.972972972972973,0.5,0.6974858324629157,0.5454545454545454,0.9375,0.7364864864864866
1,4,Im.ADABoost.W-SVM.12,10,10000,0.2,0.0945945945945946,0.6666666666666666,0.2511236011669613,0.1038961038961039,0.1375,0.38063063063063063
1,4,Im.ADABoost.SVM.1,10,10000,0.5,0.02702702702702703,0.5,0.11624763874381928,0.07407407407407407,0.0625,0.2635135135135135
1,4,Im.ADABoost.SVM.2,10,10000,0.5,0.972972972972973,0.5,0.6974858324629157,0.5454545454545454,0.9375,0.7364864864864866
1,4,Im.ADABoost.SVM.12,10,10000,0.5,0.02702702702702703,0.5,0.11624763874381928,0.07407407407407407,0.0625,0.2635135135135135
1,4,Im.ADABoost.W-SVM.1,10,10000,0.5,0.8513513513513513,0.5,0.65243825430126,0.3,0.825,0.6756756756756757
1,4,Im.ADABoost.W-SVM.2,10,10000,0.5,0.972972972972973,0.5,0.6974858324629157,0.5454545454545454,0.9375,0.7364864864864866
1,4,Im.ADABoost.W-SVM.12,10,10000,0.5,0.12162162162162163,0.5,0.24659848095803594,0.0810810810810811,0.15,0.3108108108108108
1,4,Im.ADABoost.SVM.1,10,10000,0.8,0.02702702702702703,0.5,0.11624763874381928,0.07407407407407407,0.0625,0.2635135135135135
1,4,Im.ADABoost.SVM.2,10,10000,0.8,0.972972972972973,0.5,0.6974858324629157,0.5454545454545454,0.9375,0.7364864864864866
1,4,Im.ADABoost.SVM.12,10,10000,0.8,0.02702702702702703,0.5,0.11624763874381928,0.07407407407407407,0.0625,0.2635135135135135
1,4,Im.ADABoost.W-SVM.1,10,10000,0.8,0.8513513513513513,0.5,0.65243825430126,0.3,0.825,0.6756756756756757
1,4,Im.ADABoost.W-SVM.2,10,10000,0.8,0.972972972972973,0.5,0.6974858324629157,0.5454545454545454,0.9375,0.7364864864864866
1,4,Im.ADABoost.W-SVM.12,10,10000,0.8,0.12162162162162163,0.5,0.24659848095803594,0.0810810810810811,0.15,0.3108108108108108
1,4,Im.ADABoost.SVM.1,10,10000,1.1,0.02702702702702703,0.5,0.11624763874381928,0.07407407407407407,0.0625,0.2635135135135135
1,4,Im.ADABoost.SVM.2,10,10000,1.1,0.972972972972973,0.5,0.6974858324629157,0.5454545454545454,0.9375,0.7364864864864866
1,4,Im.ADABoost.SVM.12,10,10000,1.1,0.02702702702702703,0.5,0.11624763874381928,0.07407407407407407,0.0625,0.2635135135135135
1,4,Im.ADABoost.W-SVM.1,10,10000,1.1,0.8513513513513513,0.5,0.65243825430126,0.3,0.825,0.6756756756756757
1,4,Im.ADABoost.W-SVM.2,10,10000,1.1,0.972972972972973,0.5,0.6974858324629157,0.5454545454545454,0.9375,0.7364864864864866
1,4,Im.ADABoost.W-SVM.12,10,10000,1.1,0.13513513513513514,0.5,0.25993762245501817,0.0821917808219178,0.1625,0.31756756756756754
1,4,Im.ADABoost.SVM.1,10,10000,1.4,0.02702702702702703,0.5,0.11624763874381928,0.07407407407407407,0.0625,0.2635135135135135
1,4,Im.ADABoost.SVM.2,10,10000,1.4,0.972972972972973,0.5,0.6974858324629157,0.5454545454545454,0.9375,0.7364864864864866
1,4,Im.ADABoost.SVM.12,10,10000,1.4,0.02702702702702703,0.5,0.11624763874381928,0.07407407407407407,0.0625,0.2635135135135135
1,4,Im.ADABoost.W-SVM.1,10,10000,1.4,0.8108108108108109,0.5,0.6367145399670133,0.2608695652173913,0.7875,0.6554054054054054
1,4,Im.ADABoost.W-SVM.2,10,10000,1.4,0.972972972972973,0.5,0.6974858324629157,0.5454545454545454,0.9375,0.7364864864864866
1,4,Im.ADABoost.W-SVM.12,10,10000,1.4,0.14864864864864866,0.5,0.2726248784031353,0.08333333333333334,0.175,0.32432432432432434
1,4,Im.ADABoost.SVM.1,10,10000,1.7,0.02702702702702703,0.5,0.11624763874381928,0.07407407407407407,0.0625,0.2635135135135135
1,4,Im.ADABoost.SVM.2,10,10000,1.7,0.972972972972973,0.5,0.6974858324629157,0.5454545454545454,0.9375,0.7364864864864866
1,4,Im.ADABoost.SVM.12,10,10000,1.7,0.02702702702702703,0.5,0.11624763874381928,0.07407407407407407,0.0625,0.2635135135135135
1,4,Im.ADABoost.W-SVM.1,10,10000,1.7,0.9594594594594594,0.5,0.6926252447967297,0.5,0.925,0.7297297297297296
1,4,Im.ADABoost.W-SVM.2,10,10000,1.7,0.972972972972973,0.5,0.6974858324629157,0.5454545454545454,0.9375,0.7364864864864866
1,4,Im.ADABoost.W-SVM.12,10,10000,1.7,0.581081081081081,0.5,0.5390181263561927,0.15,0.575,0.5405405405405406
1,4,Im.ADABoost.SVM.1,10,10000,2,0.02702702702702703,0.5,0.11624763874381928,0.07407407407407407,0.0625,0.2635135135135135
1,4,Im.ADABoost.SVM.2,10,10000,2,0.972972972972973,0.5,0.6974858324629157,0.5454545454545454,0.9375,0.7364864864864866
1,4,Im.ADABoost.SVM.12,10,10000,2,0.02702702702702703,0.5,0.11624763874381928,0.07407407407407407,0.0625,0.2635135135135135
1,4,Im.ADABoost.W-SVM.1,10,10000,2,0.972972972972973,0.5,0.6974858324629157,0.5454545454545454,0.9375,0.7364864864864866
1,4,Im.ADABoost.W-SVM.2,10,10000,2,0.972972972972973,0.5,0.6974858324629157,0.5454545454545454,0.9375,0.7364864864864866
1,4,Im.ADABoost.W-SVM.12,10,10000,2,0.5945945945945946,0.5,0.5452497568062706,0.15384615384615385,0.5875,0.5472972972972973
1,5,Im.AdaBoost.DecisionTree.2,10,None,None,0.9594594594594594,0.6666666666666666,0.7997747430618446,0.6153846153846153,0.9375,0.813063063063063
1,5,Im.AdaBoost.DecisionTree.1,10,None,0.2,0.972972972972973,0.5,0.6974858324629157,0.5454545454545454,0.9375,0.7364864864864866
1,5,Im.AdaBoost.DecisionTree.12,10,None,0.2,0.972972972972973,0.5,0.6974858324629157,0.5454545454545454,0.9375,0.7364864864864866
1,5,Im.AdaBoost.DecisionTree.1,10,None,0.5,0.9864864864864865,0.5,0.702312781631691,0.6,0.95,0.7432432432432433
1,5,Im.AdaBoost.DecisionTree.12,10,None,0.5,0.972972972972973,0.5,0.6974858324629157,0.5454545454545454,0.9375,0.7364864864864866
1,5,Im.AdaBoost.DecisionTree.1,10,None,0.8,0.9864864864864865,0.5,0.702312781631691,0.6,0.95,0.7432432432432433
1,5,Im.AdaBoost.DecisionTree.12,10,None,0.8,0.9864864864864865,0.5,0.702312781631691,0.6,0.95,0.7432432432432433
1,5,Im.AdaBoost.DecisionTree.1,10,None,1.1,0.9864864864864865,0.5,0.702312781631691,0.6,0.95,0.7432432432432433
1,5,Im.AdaBoost.DecisionTree.12,10,None,1.1,0.972972972972973,0.5,0.6974858324629157,0.5454545454545454,0.9375,0.7364864864864866
1,5,Im.AdaBoost.DecisionTree.1,10,None,1.4,0.9864864864864865,0.5,0.702312781631691,0.6,0.95,0.7432432432432433
1,5,Im.AdaBoost.DecisionTree.12,10,None,1.4,0.9864864864864865,0.5,0.702312781631691,0.6,0.95,0.7432432432432433
1,5,Im.AdaBoost.DecisionTree.1,10,None,1.7,0.972972972972973,0.5,0.6974858324629157,0.5454545454545454,0.9375,0.7364864864864866
1,5,Im.AdaBoost.DecisionTree.12,10,None,1.7,0.972972972972973,0.5,0.6974858324629157,0.5454545454545454,0.9375,0.7364864864864866
1,5,Im.AdaBoost.DecisionTree.1,10,None,2,0.9594594594594594,0.5,0.6926252447967297,0.5,0.925,0.7297297297297296
1,5,Im.AdaBoost.DecisionTree.12,10,None,2,0.9459459459459459,0.5,0.6877303054053769,0.4615384615384615,0.9125,0.7229729729729729
1,5,Im.ADABoost.SVM.1,10,10000,0.2,0.013513513513513514,0.5,0.08219949365267865,0.07317073170731707,0.05,0.25675675675675674
1,5,Im.ADABoost.SVM.2,10,10000,0.2,0.9864864864864865,0.5,0.702312781631691,0.6,0.95,0.7432432432432433
1,5,Im.ADABoost.SVM.12,10,10000,0.2,0.013513513513513514,0.5,0.08219949365267865,0.07317073170731707,0.05,0.25675675675675674
1,5,Im.ADABoost.W-SVM.1,10,10000,0.2,0.7432432432432432,0.6666666666666666,0.7039144092114434,0.27586206896551724,0.7375,0.7049549549549549
1,5,Im.ADABoost.W-SVM.2,10,10000,0.2,0.8108108108108109,0.6666666666666666,0.7352146220938077,0.3333333333333333,0.8,0.7387387387387386
1,5,Im.ADABoost.W-SVM.12,10,10000,0.2,0.22972972972972974,0.3333333333333333,0.2767247306920301,0.061538461538461535,0.2375,0.28153153153153154
1,5,Im.ADABoost.SVM.1,10,10000,0.5,0.013513513513513514,0.5,0.08219949365267865,0.07317073170731707,0.05,0.25675675675675674
1,5,Im.ADABoost.SVM.2,10,10000,0.5,0.9864864864864865,0.5,0.702312781631691,0.6,0.95,0.7432432432432433
1,5,Im.ADABoost.SVM.12,10,10000,0.5,0.013513513513513514,0.5,0.08219949365267865,0.07317073170731707,0.05,0.25675675675675674
1,5,Im.ADABoost.W-SVM.1,10,10000,0.5,0.6351351351351351,0.8333333333333334,0.7275158275111816,0.2631578947368421,0.65,0.7342342342342343
1,5,Im.ADABoost.W-SVM.2,10,10000,0.5,0.8108108108108109,0.6666666666666666,0.7352146220938077,0.3333333333333333,0.8,0.7387387387387386
1,5,Im.ADABoost.W-SVM.12,10,10000,0.5,0.22972972972972974,0.3333333333333333,0.2767247306920301,0.061538461538461535,0.2375,0.28153153153153154
1,5,Im.ADABoost.SVM.1,10,10000,0.8,0.013513513513513514,0.5,0.08219949365267865,0.07317073170731707,0.05,0.25675675675675674
1,5,Im.ADABoost.SVM.2,10,10000,0.8,0.9864864864864865,0.5,0.702312781631691,0.6,0.95,0.7432432432432433
1,5,Im.ADABoost.SVM.12,10,10000,0.8,0.013513513513513514,0.5,0.08219949365267865,0.07317073170731707,0.05,0.25675675675675674
1,5,Im.ADABoost.W-SVM.1,10,10000,0.8,0.7297297297297297,0.6666666666666666,0.6974858324629156,0.26666666666666666,0.725,0.6981981981981981
1,5,Im.ADABoost.W-SVM.2,10,10000,0.8,0.8108108108108109,0.6666666666666666,0.7352146220938077,0.3333333333333333,0.8,0.7387387387387386
1,5,Im.ADABoost.W-SVM.12,10,10000,0.8,0.24324324324324326,0.3333333333333333,0.2847473987257497,0.0625,0.25,0.28828828828828823
1,5,Im.ADABoost.SVM.1,10,10000,1.1,0.013513513513513514,0.5,0.08219949365267865,0.07317073170731707,0.05,0.25675675675675674
1,5,Im.ADABoost.SVM.2,10,10000,1.1,0.9864864864864865,0.5,0.702312781631691,0.6,0.95,0.7432432432432433
1,5,Im.ADABoost.SVM.12,10,10000,1.1,0.013513513513513514,0.5,0.08219949365267865,0.07317073170731707,0.05,0.25675675675675674
1,5,Im.ADABoost.W-SVM.1,10,10000,1.1,0.7162162162162162,0.6666666666666666,0.6909974511367444,0.25806451612903225,0.7125,0.6914414414414415
1,5,Im.ADABoost.W-SVM.2,10,10000,1.1,0.8108108108108109,0.6666666666666666,0.7352146220938077,0.3333333333333333,0.8,0.7387387387387386
1,5,Im.ADABoost.W-SVM.12,10,10000,1.1,0.5540540540540541,0.6666666666666666,0.6077576567756011,0.18604651162790697,0.5625,0.6103603603603602
1,5,Im.ADABoost.SVM.1,10,10000,1.4,0.013513513513513514,0.5,0.08219949365267865,0.07317073170731707,0.05,0.25675675675675674
1,5,Im.ADABoost.SVM.2,10,10000,1.4,0.9864864864864865,0.5,0.702312781631691,0.6,0.95,0.7432432432432433
1,5,Im.ADABoost.SVM.12,10,10000,1.4,0.013513513513513514,0.5,0.08219949365267865,0.07317073170731707,0.05,0.25675675675675674
1,5,Im.ADABoost.W-SVM.1,10,10000,1.4,0.5675675675675675,1.0,0.753370803500884,0.2727272727272727,0.6,0.7837837837837838
1,5,Im.ADABoost.W-SVM.2,10,10000,1.4,0.8108108108108109,0.6666666666666666,0.7352146220938077,0.3333333333333333,0.8,0.7387387387387386
1,5,Im.ADABoost.W-SVM.12,10,10000,1.4,0.5675675675675675,1.0,0.753370803500884,0.2727272727272727,0.6,0.7837837837837838
1,5,Im.ADABoost.SVM.1,10,10000,1.7,0.013513513513513514,0.5,0.08219949365267865,0.07317073170731707,0.05,0.25675675675675674
1,5,Im.ADABoost.SVM.2,10,10000,1.7,0.9864864864864865,0.5,0.702312781631691,0.6,0.95,0.7432432432432433
1,5,Im.ADABoost.SVM.12,10,10000,1.7,0.013513513513513514,0.5,0.08219949365267865,0.07317073170731707,0.05,0.25675675675675674
1,5,Im.ADABoost.W-SVM.1,10,10000,1.7,0.7432432432432432,0.8333333333333334,0.7870002346691959,0.33333333333333337,0.75,0.7882882882882882
1,5,Im.ADABoost.W-SVM.2,10,10000,1.7,0.8108108108108109,0.6666666666666666,0.7352146220938077,0.3333333333333333,0.8,0.7387387387387386
1,5,Im.ADABoost.W-SVM.12,10,10000,1.7,0.5675675675675675,1.0,0.753370803500884,0.2727272727272727,0.6,0.7837837837837838
1,5,Im.ADABoost.SVM.1,10,10000,2,0.013513513513513514,0.5,0.08219949365267865,0.07317073170731707,0.05,0.25675675675675674
1,5,Im.ADABoost.SVM.2,10,10000,2,0.9864864864864865,0.5,0.702312781631691,0.6,0.95,0.7432432432432433
1,5,Im.ADABoost.SVM.12,10,10000,2,0.013513513513513514,0.5,0.08219949365267865,0.07317073170731707,0.05,0.25675675675675674
1,5,Im.ADABoost.W-SVM.1,10,10000,2,0.6891891891891891,0.8333333333333334,0.7578418860978353,0.29411764705882354,0.7,0.7612612612612615
1,5,Im.ADABoost.W-SVM.2,10,10000,2,0.8108108108108109,0.6666666666666666,0.7352146220938077,0.3333333333333333,0.8,0.7387387387387386
1,5,Im.ADABoost.W-SVM.12,10,10000,2,0.5945945945945946,1.0,0.7710996009560598,0.2857142857142857,0.625,0.7972972972972973
