CommonNeighbor,AdamicAdar,JaccardCoefficient,PreferentialAttachment,ResourceAllocation,ShortestPath,CommonCountry,Label
2,1.442695041,0.2,8,0.5,1,2,1
2,1.442695041,0.333333333,4,0.5,1,2,1
19,4.426725648,0.846153846,144,0.916666667,1,19,1
4,2.164042561,0.136363636,126,0.75,1,4,1
4,1.956593383,0.157894737,72,0.642857143,1,4,1
0,0.291206676,0.03030303,289,0.032258065,0.5,0,1
3,0.771698977,0.074074074,204,0.15,1,3,1
0,4.452984742,0.371428571,527,0.710164835,1,0,1
16,11.26716179,0.436363636,1350,2.871219103,1,16,1
32,12.87908655,0.545454545,1674,2.94487013,1,32,1
13,3.415308897,0.145454545,486,0.786579854,1,13,1
9,4.149777702,0.163636364,540,1.043802076,1,9,1
15,6.281449477,0.272727273,864,1.394361239,1,15,1
28,6.281449477,0.272727273,864,1.394361239,1,28,1
7,2.426679434,0.109090909,378,0.519761905,1,7,1
0,7.522723549,0.309090909,972,1.797330215,1,0,1
10,3.14072954,0.127272727,432,0.758333333,1,10,1
30,8.277131362,0.345454545,1080,1.922222222,1,30,1
10,3.14072954,0.127272727,432,0.758333333,1,10,1
17,3.359553617,0.163636364,540,0.626702509,1,17,1
0,0.455119613,0.142857143,12,0.111111111,1,0,1
9,2.858845779,0.129032258,150,0.957575758,1,9,1
0,1.558071607,0.096774194,120,0.433333333,1,0,1
4,2.192140643,0.161290323,180,0.518055556,1,4,1
11,5.083906287,0.322580645,330,1.4,1,11,1
0,6.97343569,0.483870968,480,1.762240537,1,0,1
10,2.485339738,0.666666667,25,0.8,1,10,1
10,2.485339738,0.666666667,25,0.8,1,10,1
7,5.344228541,0.379310345,336,1.404761905,1,7,1
18,8.814533178,0.689655172,588,2.078571429,1,18,1
7,2.577535686,0.206896552,196,0.595238095,1,7,1
6,2.762424898,0.75,49,0.685714286,1,6,1
10,3.427005659,0.5,140,0.782186235,1,10,1
7,3.921425182,0.45,190,0.912094338,1,7,1
0,2.935159248,0.636363636,80,0.651691729,1,0,1
10,2.935159248,0.636363636,80,0.651691729,1,10,1
22,4.807643544,0.47826087,264,1.118589744,1,22,1
22,4.728729392,0.846153846,144,1.080710956,1,22,1
18,3.298592711,0.470588235,156,0.712121212,1,18,1
22,4.728729392,0.846153846,144,1.080710956,1,22,1
22,4.728729392,0.846153846,144,1.080710956,1,22,1
22,4.728729392,0.846153846,144,1.080710956,1,22,1
0,2.164042561,0.272727273,40,0.75,1,0,1
4,2.164042561,0.230769231,48,0.75,1,4,1
7,3.389109326,0.428571429,91,1.01978022,1,7,1
7,3.389109326,0.428571429,91,1.01978022,1,7,1
4,0.779742491,0.222222222,28,0.153846154,0.5,4,1
5,1.914975767,0.5,35,0.496703297,1,5,1
5,1.914975767,0.5,35,0.496703297,1,5,1
6,3.083390054,0.375,105,0.857142857,1,6,1
6,3.083390054,0.375,105,0.857142857,1,6,1
6,3.083390054,0.375,105,0.857142857,1,6,1
17,3.908650337,0.818181818,100,0.9,1,17,1
4,1.820478453,0.4,12,0.666666667,1,4,1
3,1.96401739,0.6,16,0.65,1,3,1
0,3.539621972,0.36,240,0.716239316,1,0,1
0,3.41998547,0.818181818,100,0.657905983,1,0,1
0,0,0,1,0,1,0,1
6,1.391137574,0.086956522,136,0.458333333,1,6,1
12,3.741924186,0.777777778,64,1.058823529,1,12,1
6,0.833854471,0.222222222,24,0.183823529,1,6,1
7,3.319684564,0.777777778,64,0.85,1,7,1
5,2.553913807,0.153846154,125,0.826923077,1,5,1
0,0.214003131,0.008333333,2400,0.009345794,0.5,0,1
10,2.984390068,0.428571429,91,0.803571429,1,10,1
7,3.738737584,0.5,104,1.071428571,1,7,1
7,3.738737584,0.5,104,1.071428571,1,7,1
7,3.738737584,0.5,104,1.071428571,1,7,1
10,2.984390068,0.428571429,91,0.803571429,1,10,1
2,0,0,8,0,1,2,1
4,1.442695041,0.035714286,54,0.5,1,4,1
0,1.820478453,0.5,9,0.666666667,1,0,-1
2,1.820478453,0.5,9,0.666666667,1,2,-1
3,1.820478453,0.5,9,0.666666667,1,3,-1
5,2.42211543,0.571428571,30,0.766666667,1,5,-1
5,2.358891122,0.666666667,25,0.733333333,1,5,-1
5,2.42211543,0.571428571,30,0.766666667,1,5,-1
5,2.358891122,0.666666667,25,0.733333333,1,5,-1
6,2.358891122,0.666666667,25,0.733333333,1,6,-1
3,1.116221253,0.4,10,0.333333333,0.5,3,-1
0,0.417032391,0.142857143,15,0.090909091,0.5,0,-1
2,0.417032391,0.142857143,15,0.090909091,0.5,2,-1
2,0.417032391,0.142857143,15,0.090909091,0.5,2,-1
10,2.485339738,0.333333333,55,0.8,1,10,-1
0,0.417032391,0.142857143,15,0.090909091,0.5,0,-1
2,0.417032391,0.142857143,15,0.090909091,0.5,2,-1
0,0.417032391,0.142857143,15,0.090909091,0.5,0,-1
10,2.281037195,0.666666667,25,0.690909091,1,10,-1
10,2.281037195,0.666666667,25,0.690909091,1,10,-1
10,2.281037195,0.666666667,25,0.690909091,1,10,-1
10,2.281037195,0.666666667,25,0.690909091,1,10,-1
0,0.417032391,0.2,9,0.090909091,0.5,0,-1
0,0.417032391,0.2,9,0.090909091,0.5,0,-1
0,1.820478453,0.166666667,33,0.666666667,1,0,-1
1,1.327271618,0.5,9,0.424242424,1,1,-1
0,0.417032391,0.2,9,0.090909091,0.5,0,-1
0,1.327271618,0.5,9,0.424242424,1,0,-1
0,0.417032391,0.142857143,15,0.090909091,0.5,0,-1
0,0.417032391,0.142857143,15,0.090909091,0.5,0,-1
0,0.417032391,0.142857143,15,0.090909091,0.5,0,-1
0,0.417032391,0.142857143,15,0.090909091,0.5,0,-1
0,1.442695041,0.333333333,4,0.5,1,0,-1
0,1.442695041,0.333333333,4,0.5,1,0,-1
4,2.636128574,0.263157895,108,0.75,1,4,-1
7,2.942178073,0.269230769,270,0.654287276,1,7,-1
3,2.164042561,0.096774194,288,0.75,1,3,-1
2,0.36067376,0.043478261,108,0.0625,0.5,2,-1
0,0.36067376,0.041666667,126,0.0625,0.5,0,-1
0,2.636128574,0.263157895,108,0.75,1,0,-1
0,0.36067376,0.043478261,108,0.0625,0.5,0,-1
3,0.729494517,0.083333333,144,0.129554656,0.5,3,-1
2,0.339623272,0.041666667,126,0.052631579,0.5,2,-1
2,0.339623272,0.038461538,162,0.052631579,0.5,2,-1
7,2.921576201,0.291666667,234,0.644030866,1,7,-1
7,2.830549099,0.368421053,144,0.595953943,1,7,-1
4,2.713340853,0.238095238,144,0.791666667,1,4,-1
0,2.636128574,0.263157895,108,0.75,1,0,-1
2,0.339623272,0.041666667,126,0.052631579,0.5,2,-1
1,0.417032391,0.05,54,0.090909091,0.5,1,-1
2,0.36067376,0.041666667,126,0.0625,0.5,2,-1
2,0.36067376,0.033333333,234,0.0625,0.5,2,-1
4,2.713340853,0.238095238,144,0.791666667,1,4,-1
2,0.352956124,0.03125,270,0.058823529,0.5,2,-1
2,0.352956124,0.023809524,450,0.058823529,0.5,2,-1
3,0.692579396,0.074074074,198,0.111455108,0.5,3,-1
8,2.830549099,0.368421053,144,0.595953943,1,8,-1
2,0.36067376,0.033333333,234,0.0625,0.5,2,-1
0,2.894415055,0.318181818,198,0.630044852,1,0,-1
7,2.958491323,0.25,306,0.662130413,1,7,-1
2,0.339623272,0.037037037,180,0.052631579,0.5,2,-1
3,0.729494517,0.083333333,144,0.129554656,0.5,3,-1
2,0.352956124,0.038461538,162,0.058823529,0.5,2,-1
7,2.830549099,0.368421053,144,0.595953943,1,7,-1
3,1.803368801,0.157894737,72,0.5625,1,3,-1
2,0.36067376,0.043478261,108,0.0625,0.5,2,-1
0,0.36067376,0.041666667,126,0.0625,0.5,0,-1
2,0.369269373,0.033333333,234,0.066666667,0.5,2,-1
0,0.36067376,0.05,54,0.0625,0.5,0,-1
2,0.36067376,0.05,54,0.0625,0.5,2,-1
2,0.36067376,0.041666667,126,0.0625,0.5,2,-1
2,0.339623272,0.052631579,36,0.052631579,0.5,2,-1
2,0.389871245,0.047619048,72,0.076923077,0.5,2,-1
2,0.389871245,0.047619048,72,0.076923077,0.5,2,-1
2,0.389871245,0.05,54,0.076923077,0.5,2,-1
3,1.803368801,0.157894737,72,0.5625,1,3,-1
4,2.636128574,0.263157895,108,0.75,1,4,-1
2,0.339623272,0.052631579,36,0.052631579,0.5,2,-1
2,0.339623272,0.052631579,36,0.052631579,0.5,2,-1
2,0.369269373,0.041666667,126,0.066666667,0.5,2,-1
2,0.36067376,0.047619048,72,0.0625,0.5,2,-1
0,0.417032391,0.05,54,0.090909091,0.5,0,-1
0,1.803368801,0.157894737,72,0.5625,1,0,-1
2,0.369269373,0.04,144,0.066666667,0.5,2,-1
2,0.369269373,0.041666667,126,0.066666667,0.5,2,-1
0,0.417032391,0.05,54,0.090909091,0.5,0,-1
2,0.369269373,0.041666667,126,0.066666667,0.5,2,-1
2,0.369269373,0.04,144,0.066666667,0.5,2,-1
2,0.369269373,0.041666667,126,0.066666667,0.5,2,-1
3,0.961796694,0.105263158,54,0.25,0.5,3,-1
2,0.352956124,0.027027027,360,0.058823529,0.5,2,-1
3,0.961796694,0.105263158,54,0.25,0.5,3,-1
2,0.352956124,0.038461538,162,0.058823529,0.5,2,-1
2,0.352956124,0.038461538,162,0.058823529,0.5,2,-1
2,0.352956124,0.038461538,162,0.058823529,0.5,2,-1
2,0.352956124,0.038461538,162,0.058823529,0.5,2,-1
3,0.36067376,0.047619048,112,0.0625,0.5,3,-1
2,0.36067376,0.033333333,238,0.0625,0.5,2,-1
2,0.36067376,0.047619048,112,0.0625,0.5,2,-1
0,2.790553133,0.333333333,84,0.833333333,1,0,-1
0,3.246063842,0.466666667,112,0.8125,1,0,-1
6,3.246063842,0.466666667,112,0.8125,1,6,-1
0,3.246063842,0.466666667,112,0.8125,1,0,-1
0,3.246063842,0.466666667,112,0.8125,1,0,-1
4,3.246063842,0.466666667,112,0.8125,1,4,-1
0,3.246063842,0.466666667,112,0.8125,1,0,-1
4,3.366288429,0.304347826,224,0.875,1,4,-1
6,3.246063842,0.466666667,112,0.8125,1,6,-1
8,2.790553133,0.333333333,84,0.833333333,1,8,-1
8,2.790553133,0.333333333,84,0.833333333,1,8,-1
8,2.790553133,0.333333333,84,0.833333333,1,8,-1
8,2.790553133,0.333333333,84,0.833333333,1,8,-1
0,2.790553133,0.333333333,84,0.833333333,1,0,-1
2,0.36067376,0.047619048,112,0.0625,0.5,2,-1
0,0.36067376,0.047619048,112,0.0625,0.5,0,-1
2,0.36067376,0.047619048,112,0.0625,0.5,2,-1
2,0.36067376,0.047619048,112,0.0625,0.5,2,-1
2,0.36067376,0.047619048,112,0.0625,0.5,2,-1
0,1.442695041,0.25,4,0.5,0.5,0,-1
0,0.480898347,0.142857143,16,0.125,0.5,0,-1
0,1.391137574,0.333333333,16,0.458333333,1,0,-1
2,0,0,8,0,1,2,-1
0,0.480898347,0.142857143,16,0.125,0.5,0,-1
0,1.202245867,0.5,8,0.375,0.5,0,-1
0,1.631586747,0.2,32,0.583333333,1,0,-1
0,1.202245867,0.4,12,0.375,1,0,-1
0,0.480898347,0.142857143,16,0.125,0.5,0,-1
0,0.480898347,0.142857143,16,0.125,0.5,0,-1
0,1.923593388,0.176470588,64,0.625,1,0,-1
1,1.562919628,0.6,16,0.4375,1,1,-1
0,1.803368801,0.333333333,32,0.5625,1,0,-1
0,1.562919628,0.6,16,0.4375,1,0,-1
0,0.36067376,0.083333333,36,0.0625,0.5,0,-1
0,0.36067376,0.083333333,36,0.0625,0.5,0,-1
0,0.841572107,0.133333333,52,0.1875,0.5,0,-1
0,0.36067376,0.047619048,72,0.0625,0.5,0,-1
0,0.480898347,0.142857143,16,0.125,0.5,0,-1
0,0.36067376,0.166666667,12,0.0625,0.5,0,-1
0,0.36067376,0.166666667,12,0.0625,0.5,0,-1
0,0.36067376,0.014705882,260,0.0625,0.5,0,-1
0,0.480898347,0.142857143,16,0.125,0.5,0,-1
0,0.480898347,0.142857143,16,0.125,0.5,0,-1
0,0.36067376,0.083333333,36,0.0625,0.5,0,-1
0,0.36067376,0.083333333,36,0.0625,0.5,0,-1
0,0.36067376,0.083333333,36,0.0625,0.5,0,-1
0,0.36067376,0.083333333,36,0.0625,0.5,0,-1
0,0.36067376,0.083333333,36,0.0625,0.5,0,-1
5,1.96205481,0.666666667,25,0.521428571,1,5,-1
1,0.378923182,0.1,30,0.071428571,0.5,1,-1
1,0.378923182,0.052631579,75,0.071428571,0.5,1,-1
1,0.378923182,0.033333333,130,0.071428571,0.5,1,-1
2,0.859821529,0.285714286,20,0.196428571,0.5,2,-1
0,0.480898347,0.125,20,0.125,0.5,0,-1
1,0.378923182,0.1,30,0.071428571,0.5,1,-1
1,0.378923182,0.055555556,70,0.071428571,0.5,1,-1
3,2.102491398,0.444444444,40,0.596428571,1,3,-1
0,0.480898347,0.142857143,15,0.125,0.5,0,-1
5,1.96205481,0.666666667,25,0.521428571,1,5,-1
0,2.102491398,0.444444444,40,0.596428571,1,0,-1
0,0.480898347,0.142857143,15,0.125,0.5,0,-1
2,0.859821529,0.285714286,20,0.196428571,0.5,2,-1
1,0.378923182,0.1,30,0.071428571,0.5,1,-1
3,0.594600484,0.058823529,243,0.070454545,0.5,3,-1
3,0.594600484,0.0625,189,0.070454545,0.5,3,-1
13,3.372296909,0.321428571,270,0.63452381,1,13,-1
15,4.646831656,0.392857143,324,1.051190476,1,15,-1
18,5.351261597,0.464285714,378,1.163095238,1,18,-1
3,0.594600484,0.058823529,243,0.070454545,0.5,3,-1
14,6.639046447,0.46875,540,1.58452381,1,14,-1
8,3.437322018,0.272727273,405,0.667857143,1,8,-1
2,0.738538746,0.064516129,162,0.133333333,0.5,2,-1
5,1.62865777,0.142857143,135,0.358333333,1,5,-1
0,3.437322018,0.272727273,405,0.667857143,1,0,-1
8,3.372296909,0.321428571,270,0.63452381,1,8,-1
0,3.372296909,0.321428571,270,0.63452381,1,0,-1
8,1.394862156,0.107142857,108,0.358333333,1,8,-1
16,5.678252431,0.392857143,324,1.570454545,1,16,-1
8,1.394862156,0.107142857,108,0.358333333,1,8,-1
8,2.805434636,0.25,216,0.592857143,1,8,-1
12,2.805434636,0.25,216,0.592857143,1,12,-1
8,2.805434636,0.25,216,0.592857143,1,8,-1
3,0.594600484,0.055555556,297,0.070454545,0.5,3,-1
2,0.333808201,0.025,378,0.05,0.5,2,-1
5,1.62865777,0.142857143,135,0.358333333,1,5,-1
0,0.673514635,0.071428571,81,0.108333333,1,0,-1
2,0.333808201,0.033333333,108,0.05,0.5,2,-1
8,2.805434636,0.25,216,0.592857143,1,8,-1
2,0.333808201,0.033333333,108,0.05,0.5,2,-1
2,0.333808201,0.028571429,243,0.05,0.5,2,-1
9,3.272628155,0.285714286,243,0.709343434,1,9,-1
3,0.594600484,0.057142857,270,0.070454545,0.5,3,-1
2,0.738538746,0.064516129,162,0.133333333,0.5,2,-1
9,3.272628155,0.285714286,243,0.709343434,1,9,-1
3,0.594600484,0.054054054,324,0.070454545,0.5,3,-1
2,0.738538746,0.064516129,162,0.133333333,0.5,2,-1
2,0.738538746,0.064516129,162,0.133333333,0.5,2,-1
3,0.594600484,0.051282051,378,0.070454545,0.5,3,-1
3,0.594600484,0.0625,189,0.070454545,0.5,3,-1
3,0.594600484,0.058823529,243,0.070454545,0.5,3,-1
3,0.594600484,0.058823529,243,0.070454545,0.5,3,-1
3,0.594600484,0.058823529,243,0.070454545,0.5,3,-1
2,0.738538746,0.064516129,162,0.133333333,0.5,2,-1
9,3.272628155,0.285714286,243,0.709343434,1,9,-1
9,3.272628155,0.285714286,243,0.709343434,1,9,-1
3,0.594600484,0.058823529,243,0.070454545,0.5,3,-1
0,0.594600484,0.0625,189,0.070454545,0.5,0,-1
9,3.272628155,0.285714286,243,0.709343434,1,9,-1
9,3.272628155,0.285714286,243,0.709343434,1,9,-1
1,0,0,2,0,1,1,-1
0,1.442695041,1,1,0.5,0.5,0,-1
4,1.442695041,0.333333333,4,0.5,1,4,-1
4,1.442695041,0.333333333,4,0.5,1,4,-1
0,2.164042561,0.6,16,0.75,1,0,-1
0,2.164042561,0.6,16,0.75,1,0,-1
0,2.164042561,0.6,16,0.75,1,0,-1
0,2.164042561,0.6,16,0.75,1,0,-1
5,2.485339738,0.666666667,25,0.8,1,5,-1
5,2.485339738,0.666666667,25,0.8,1,5,-1
5,2.485339738,0.666666667,25,0.8,1,5,-1
5,2.485339738,0.666666667,25,0.8,1,5,-1
5,2.485339738,0.666666667,25,0.8,1,5,-1
3,1.442695041,0.333333333,4,0.5,1,3,-1
2,1.442695041,0.333333333,4,0.5,1,2,-1
2,0.294014104,0.071428571,36,0.033333333,0.5,2,-1
6,0.915349038,0.166666667,33,0.233333333,0.5,6,-1
2,0.294014104,0.166666667,12,0.033333333,0.5,2,-1
2,0.294014104,0.166666667,12,0.033333333,0.5,2,-1
2,0.294014104,0.111111111,21,0.033333333,0.5,2,-1
2,0.294014104,0.083333333,30,0.033333333,0.5,2,-1
4,0.294014104,0.111111111,21,0.033333333,0.5,4,-1
4,0.294014104,0.090909091,27,0.033333333,0.5,4,-1
6,0.915349038,0.333333333,15,0.233333333,0.5,6,-1
0,0.294014104,0.111111111,21,0.033333333,0.5,0,-1
4,0.294014104,0.090909091,27,0.033333333,0.5,4,-1
3,0.915349038,0.5,9,0.233333333,1,3,-1
2,0.294014104,0.166666667,12,0.033333333,0.5,2,-1
2,0.294014104,0.166666667,12,0.033333333,0.5,2,-1
5,1.20425333,0.333333333,15,0.366666667,1,5,-1
4,0.294014104,0.090909091,27,0.033333333,0.5,4,-1
2,0.294014104,0.2,9,0.033333333,0.5,2,-1
0,0.294014104,0.2,9,0.033333333,0.5,0,-1
2,0.294014104,0.166666667,12,0.033333333,0.5,2,-1
2,0.294014104,0.066666667,39,0.033333333,0.5,2,-1
2,0.294014104,0.066666667,39,0.033333333,0.5,2,-1
2,0.294014104,0.111111111,21,0.033333333,0.5,2,-1
4,0.294014104,0.090909091,27,0.033333333,0.5,4,-1
4,0.294014104,0.090909091,27,0.033333333,0.5,4,-1
4,0.294014104,0.090909091,27,0.033333333,0.5,4,-1
2,0.294014104,0.090909091,27,0.033333333,0.5,2,-1
0,0.294014104,0.25,6,0.033333333,0.5,0,-1
4,0.294014104,0.25,6,0.033333333,0.5,4,-1
0,2.164042561,0.6,16,0.75,1,0,-1
0,2.164042561,0.6,16,0.75,1,0,-1
0,2.164042561,0.6,16,0.75,1,0,-1
7,3.555106666,0.8,81,0.844444444,1,7,-1
8,3.640956907,0.5,135,0.888888889,1,8,-1
7,3.555106666,0.8,81,0.844444444,1,7,-1
4,0.369269373,0.071428571,54,0.066666667,0.5,4,-1
0,0.369269373,0.071428571,54,0.066666667,0.5,0,-1
4,0.369269373,0.0625,72,0.066666667,0.5,4,-1
0,0.369269373,0.038461538,162,0.066666667,0.5,0,-1
4,0.369269373,0.071428571,54,0.066666667,0.5,4,-1
0,0.369269373,0.058823529,81,0.066666667,0.5,0,-1
7,3.555106666,0.8,81,0.844444444,1,7,-1
0,3.555106666,0.8,81,0.844444444,1,0,-1
7,3.555106666,0.8,81,0.844444444,1,7,-1
0,3.555106666,0.8,81,0.844444444,1,0,-1
7,3.555106666,0.8,81,0.844444444,1,7,-1
7,3.555106666,0.8,81,0.844444444,1,7,-1
10,3.640956907,0.8,81,0.888888889,1,10,-1
9,3.640956907,0.8,81,0.888888889,1,9,-1
9,3.640956907,0.8,81,0.888888889,1,9,-1
9,3.640956907,0.8,81,0.888888889,1,9,-1
9,3.640956907,0.8,81,0.888888889,1,9,-1
9,3.640956907,0.8,81,0.888888889,1,9,-1
9,3.640956907,0.8,81,0.888888889,1,9,-1
9,3.640956907,0.8,81,0.888888889,1,9,-1
9,3.640956907,0.8,81,0.888888889,1,9,-1
0,0.345976256,0.058823529,56,0.055555556,0.5,0,-1
0,0.345976256,0.058823529,56,0.055555556,0.5,0,-1
0,0.345976256,0.04,88,0.055555556,0.5,0,-1
0,0.345976256,0.058823529,56,0.055555556,0.5,0,-1
0,0.345976256,0.058823529,56,0.055555556,0.5,0,-1
0,1.788671297,0.6,16,0.555555556,1,0,-1
0,1.788671297,0.6,16,0.555555556,1,0,-1
1,2.164042561,0.157894737,72,0.75,1,1,-1
0,1.788671297,0.6,16,0.555555556,1,0,-1
0,0.345976256,0.058823529,56,0.055555556,0.5,0,-1
0,0.345976256,0.058823529,56,0.055555556,0.5,0,-1
0,0.345976256,0.058823529,56,0.055555556,0.5,0,-1
0,0.345976256,0.058823529,56,0.055555556,0.5,0,-1
0,0.345976256,0.058823529,56,0.055555556,0.5,0,-1
0,0.345976256,0.058823529,56,0.055555556,0.5,0,-1
0,0.345976256,0.058823529,56,0.055555556,0.5,0,-1
0,0.345976256,0.058823529,56,0.055555556,0.5,0,-1
0,0.345976256,0.058823529,56,0.055555556,0.5,0,-1
1,0,0,1,0,1,1,-1
3,1.424137569,0.5,9,0.476190476,1,3,-1
4,1.820478453,0.25,21,0.666666667,1,4,-1
2,0.513898342,0.0625,42,0.142857143,0.5,2,-1
3,1.424137569,0.5,9,0.476190476,1,3,-1
2,0.513898342,0.166666667,12,0.142857143,0.5,2,-1
2,0.513898342,0.166666667,12,0.142857143,0.5,2,-1
2,0.513898342,0.111111111,21,0.142857143,0.5,2,-1
5,1.819345912,0.235294118,80,0.444444444,1,5,-1
8,1.777590067,0.307692308,60,0.423611111,1,8,-1
5,1.724900059,0.4,45,0.395833333,1,5,-1
3,0.961796694,0.285714286,20,0.25,0.5,3,-1
3,0.961796694,0.285714286,20,0.25,0.5,3,-1
3,0.961796694,0.285714286,20,0.25,0.5,3,-1
8,1.699121325,0.444444444,40,0.381944444,1,8,-1
8,1.699121325,0.444444444,40,0.381944444,1,8,-1
3,0.815793374,0.25,25,0.173611111,0.5,3,-1
3,0.815793374,0.25,25,0.173611111,0.5,3,-1
4,0.815793374,0.25,25,0.173611111,0.5,4,-1
4,0.815793374,0.125,65,0.173611111,0.5,4,-1
3,0.763103365,0.181818182,40,0.145833333,0.5,3,-1
3,0.763103365,0.181818182,40,0.145833333,0.5,3,-1
5,0.763103365,0.181818182,40,0.145833333,0.5,5,-1
3,0.763103365,0.181818182,40,0.145833333,0.5,3,-1
5,0.763103365,0.181818182,40,0.145833333,0.5,5,-1
5,0.763103365,0.181818182,40,0.145833333,0.5,5,-1
5,0.763103365,0.181818182,40,0.145833333,0.5,5,-1
2,0.72134752,0.333333333,4,0.25,0.5,2,-1
2,0.72134752,0.333333333,4,0.25,0.5,2,-1
6,1.923593388,0.6,16,0.625,1,6,-1
4,1.923593388,0.6,16,0.625,1,4,-1
6,1.923593388,0.6,16,0.625,1,6,-1
2,0.480898347,0.090909091,32,0.125,0.5,2,-1
4,2.164042561,0.333333333,32,0.75,1,4,-1
2,0.480898347,0.090909091,32,0.125,0.5,2,-1
2,0.480898347,0.142857143,16,0.125,0.5,2,-1
2,0.480898347,0.142857143,16,0.125,0.5,2,-1
2,0.345976256,0.038461538,176,0.055555556,0.5,2,-1
2,0.328458739,0.04,165,0.047619048,0.5,2,-1
2,0.328458739,0.04,165,0.047619048,0.5,2,-1
2,0.378923182,0.076923077,33,0.071428571,0.5,2,-1
2,0.328458739,0.05,110,0.047619048,0.5,2,-1
2,0.328458739,0.05,110,0.047619048,0.5,2,-1
0,0.328458739,0.05,110,0.047619048,0.5,0,-1
0,0.328458739,0.05,110,0.047619048,0.5,0,-1
10,4.061158569,0.454545455,231,0.854256854,1,10,-1
0,0.328458739,0.05,110,0.047619048,0.5,0,-1
0,0.328458739,0.05,110,0.047619048,0.5,0,-1
0,0.328458739,0.05,110,0.047619048,0.5,0,-1
2,0.328458739,0.05,110,0.047619048,0.5,2,-1
10,3.972584917,0.833333333,121,0.810966811,1,10,-1
0,3.972584917,0.833333333,121,0.810966811,1,0,-1
10,3.972584917,0.833333333,121,0.810966811,1,10,-1
10,3.972584917,0.833333333,121,0.810966811,1,10,-1
10,3.972584917,0.833333333,121,0.810966811,1,10,-1
10,4.010694126,0.666666667,154,0.83044733,1,10,-1
2,0.378923182,0.076923077,33,0.071428571,0.5,2,-1
10,3.972584917,0.833333333,121,0.810966811,1,10,-1
10,3.972584917,0.833333333,121,0.810966811,1,10,-1
10,4.043641052,0.526315789,198,0.846320346,1,10,-1
10,3.972584917,0.833333333,121,0.810966811,1,10,-1
2,0.378923182,0.076923077,33,0.071428571,0.5,2,-1
2,0.345976256,0.058823529,77,0.055555556,0.5,2,-1
2,0.345976256,0.058823529,77,0.055555556,0.5,2,-1
2,0.345976256,0.058823529,77,0.055555556,0.5,2,-1
2,0.345976256,0.058823529,77,0.055555556,0.5,2,-1
2,0.345976256,0.058823529,77,0.055555556,0.5,2,-1
2,0.345976256,0.058823529,77,0.055555556,0.5,2,-1
0,0.318928989,0.04,133,0.043478261,0.5,0,-1
0,0.296974204,0.038461538,152,0.034482759,0.5,0,-1
8,2.543317619,0.225806452,361,0.464237517,1,8,-1
0,0.612581692,0.068965517,228,0.078272605,0.5,0,-1
13,6.388686882,0.72,456,1.096219004,1,13,-1
13,6.430386442,0.45,741,1.112244645,1,13,-1
0,1.309100418,0.133333333,285,0.188888889,0.5,0,-1
2,0.27295842,0.037037037,171,0.025641026,0.5,2,-1
13,6.388686882,0.72,456,1.096219004,1,13,-1
3,0.612581692,0.068965517,228,0.078272605,0.5,3,-1
10,5.041251137,0.75,304,0.772754092,1,10,-1
3,0.612581692,0.060606061,304,0.078272605,0.5,3,-1
0,0.296974204,0.045454545,76,0.034482759,0.5,0,-1
10,5.055948641,0.681818182,342,0.779698536,1,10,-1
0,5.041251137,0.75,304,0.772754092,1,0,-1
0,0.296974204,0.047619048,57,0.034482759,0.5,0,-1
0,5.041251137,0.75,304,0.772754092,1,0,-1
2,0.27295842,0.032258065,247,0.025641026,0.5,2,-1
2,0.27295842,0.037037037,171,0.025641026,0.5,2,-1
0,0.296974204,0.03030303,285,0.034482759,0.5,0,-1
4,0.963124162,0.136363636,114,0.133333333,0.5,4,-1
0,5.041251137,0.75,304,0.772754092,1,0,-1
10,5.041251137,0.75,304,0.772754092,1,10,-1
4,0.963124162,0.15,76,0.133333333,0.5,4,-1
10,5.068116696,0.625,380,0.785254092,1,10,-1
0,5.082995908,0.555555556,437,0.791775831,1,0,-1
0,0.296974204,0.035714286,190,0.034482759,0.5,0,-1
0,0.27295842,0.018181818,703,0.025641026,0.5,0,-1
0,0.318928989,0.04,133,0.043478261,0.5,0,-1
3,0.612581692,0.060606061,304,0.078272605,0.5,3,-1
0,5.104950693,0.454545455,551,0.800771333,1,0,-1
0,0.296974204,0.043478261,95,0.034482759,0.5,0,-1
16,6.363721591,0.9,361,1.085254092,1,16,-1
2,0.27295842,0.037037037,171,0.025641026,0.5,2,-1
2,0.27295842,0.037037037,171,0.025641026,0.5,2,-1
10,5.041251137,0.75,304,0.772754092,1,10,-1
0,5.041251137,0.75,304,0.772754092,1,0,-1
16,6.363721591,0.9,361,1.085254092,1,16,-1
2,0.27295842,0.037037037,171,0.025641026,0.5,2,-1
2,0.27295842,0.028571429,323,0.025641026,0.5,2,-1
2,0.27295842,0.032258065,247,0.025641026,0.5,2,-1
3,0.612581692,0.068965517,228,0.078272605,0.5,3,-1
11,2.402042544,0.35,152,0.391869096,1,11,-1
8,2.402042544,0.35,152,0.391869096,1,8,-1
0,0.296974204,0.043478261,95,0.034482759,0.5,0,-1
0,0.318928989,0.04,133,0.043478261,0.5,0,-1
0,0.318928989,0.04,133,0.043478261,0.5,0,-1
0,0.296974204,0.043478261,95,0.034482759,0.5,0,-1
0,0.296974204,0.043478261,95,0.034482759,0.5,0,-1
0,0.296974204,0.043478261,95,0.034482759,0.5,0,-1
3,0.612581692,0.068965517,228,0.078272605,0.5,3,-1
3,0.612581692,0.068965517,228,0.078272605,0.5,3,-1
0,0.318928989,0.04,133,0.043478261,0.5,0,-1
3,0.612581692,0.068965517,228,0.078272605,0.5,3,-1
3,0.612581692,0.068965517,228,0.078272605,0.5,3,-1
0,0.318928989,0.04,133,0.043478261,0.5,0,-1
0,0.318928989,0.04,133,0.043478261,0.5,0,-1
4,0.975292217,0.15,76,0.138888889,0.5,4,-1
3,0.612581692,0.068965517,228,0.078272605,0.5,3,-1
3,0.612581692,0.068965517,228,0.078272605,0.5,3,-1
0,0.296974204,0.045454545,76,0.034482759,0.5,0,-1
0,0.296974204,0.045454545,76,0.034482759,0.5,0,-1
0,0.296974204,0.045454545,76,0.034482759,0.5,0,-1
4,0.963124162,0.142857143,95,0.133333333,0.5,4,-1
3,2.164042561,0.333333333,32,0.75,1,3,-1
3,1.923593388,0.6,16,0.625,1,3,-1
0,1.923593388,0.6,16,0.625,1,0,-1
3,1.923593388,0.6,16,0.625,1,3,-1
0,0.480898347,0.1,28,0.125,0.5,0,-1
0,0.480898347,0.1,28,0.125,0.5,0,-1
0,0.480898347,0.142857143,16,0.125,0.5,0,-1
2,0.480898347,0.142857143,16,0.125,0.5,2,-1
2,0.333808201,0.035714286,168,0.05,0.5,2,-1
0,0.333808201,0.052631579,96,0.05,0.5,0,-1
0,0.333808201,0.052631579,96,0.05,0.5,0,-1
0,0.333808201,0.052631579,96,0.05,0.5,0,-1
0,3.186977063,0.333333333,160,0.779761905,1,0,-1
1,1.744282022,0.5,32,0.404761905,0.5,1,-1
0,3.06566565,0.7,72,0.718650794,1,0,-1
0,0.333808201,0.052631579,96,0.05,0.5,0,-1
0,0.333808201,0.052631579,96,0.05,0.5,0,-1
0,0.333808201,0.038461538,152,0.05,0.5,0,-1
0,0.378923182,0.083333333,40,0.071428571,0.5,0,-1
0,0.378923182,0.055555556,88,0.071428571,0.5,0,-1
0,0.378923182,0.083333333,40,0.071428571,0.5,0,-1
0,0.378923182,0.055555556,88,0.071428571,0.5,0,-1
0,0.378923182,0.083333333,40,0.071428571,0.5,0,-1
0,0.333808201,0.052631579,96,0.05,0.5,0,-1
0,3.06566565,0.7,72,0.718650794,1,0,-1
0,3.06566565,0.7,72,0.718650794,1,0,-1
0,0.333808201,0.052631579,96,0.05,0.5,0,-1
0,0.333808201,0.052631579,96,0.05,0.5,0,-1
0,0.333808201,0.052631579,96,0.05,0.5,0,-1
0,0.333808201,0.052631579,96,0.05,0.5,0,-1
0,3.141862082,0.466666667,112,0.758333333,1,0,-1
0,3.039886916,0.777777778,64,0.704761905,1,0,-1
0,3.039886916,0.777777778,64,0.704761905,1,0,-1
0,3.039886916,0.777777778,64,0.704761905,1,0,-1
10,4.641539822,0.255319149,598,0.904977376,1,10,-1
2,0.261189257,0.05,104,0.02173913,0.5,2,-1
0,0.261189257,0.055555556,78,0.02173913,0.5,0,-1
10,4.512857833,0.857142857,169,0.849793429,1,10,-1
1,0.352956124,0.05,104,0.058823529,0.5,1,-1
10,4.512857833,0.857142857,169,0.849793429,1,10,-1
10,4.512857833,0.857142857,169,0.849793429,1,10,-1
0,4.512857833,0.857142857,169,0.849793429,1,0,-1
10,4.512857833,0.857142857,169,0.849793429,1,10,-1
10,4.512857833,0.857142857,169,0.849793429,1,10,-1
0,4.512857833,0.857142857,169,0.849793429,1,0,-1
10,4.512857833,0.857142857,169,0.849793429,1,10,-1
10,4.512857833,0.857142857,169,0.849793429,1,10,-1
10,4.512857833,0.857142857,169,0.849793429,1,10,-1
0,4.549772954,0.666666667,221,0.867892977,1,0,-1
10,4.512857833,0.857142857,169,0.849793429,1,10,-1
0,0.261189257,0.047619048,117,0.02173913,0.5,0,-1
0,0.261189257,0.047619048,117,0.02173913,0.5,0,-1
0,0.261189257,0.047619048,117,0.02173913,0.5,0,-1
0,0.261189257,0.047619048,117,0.02173913,0.5,0,-1
0,0.261189257,0.047619048,117,0.02173913,0.5,0,-1
0,0.261189257,0.047619048,117,0.02173913,0.5,0,-1
0,0.261189257,0.047619048,117,0.02173913,0.5,0,-1
0,0.261189257,0.047619048,117,0.02173913,0.5,0,-1
0,0.261189257,0.047619048,117,0.02173913,0.5,0,-1
2,0.261189257,0.045454545,130,0.02173913,0.5,2,-1
1,0.352956124,0.0625,52,0.058823529,0.5,1,-1
2,0.261189257,0.045454545,130,0.02173913,0.5,2,-1
0,0.261189257,0.045454545,130,0.02173913,0.5,0,-1
2,0.261189257,0.045454545,130,0.02173913,0.5,2,-1
1,0.352956124,0.0625,52,0.058823529,0.5,1,-1
0,0.352956124,0.0625,52,0.058823529,0.5,0,-1
2,0.261189257,0.045454545,130,0.02173913,0.5,2,-1
2,0.261189257,0.045454545,130,0.02173913,0.5,2,-1
2,0.261189257,0.045454545,130,0.02173913,0.5,2,-1
2,0.261189257,0.045454545,130,0.02173913,0.5,2,-1
2,0.261189257,0.05,104,0.02173913,0.5,2,-1
2,0.261189257,0.045454545,130,0.02173913,0.5,2,-1
2,0.261189257,0.045454545,130,0.02173913,0.5,2,-1
2,0.261189257,0.055555556,78,0.02173913,0.5,2,-1
2,0.261189257,0.055555556,78,0.02173913,0.5,2,-1
0,0.261189257,0.055555556,78,0.02173913,0.5,0,-1
2,0.261189257,0.05,104,0.02173913,0.5,2,-1
2,0.261189257,0.05,104,0.02173913,0.5,2,-1
2,0.261189257,0.05,104,0.02173913,0.5,2,-1
2,0.261189257,0.05,104,0.02173913,0.5,2,-1
2,0.261189257,0.05,104,0.02173913,0.5,2,-1
2,0.261189257,0.05,104,0.02173913,0.5,2,-1
2,0.261189257,0.05,104,0.02173913,0.5,2,-1
2,0.261189257,0.05,104,0.02173913,0.5,2,-1
6,2.164042561,0.6,16,0.75,1,6,-1
6,2.164042561,0.6,16,0.75,1,6,-1
4,2.164042561,0.6,16,0.75,1,4,-1
4,2.164042561,0.6,16,0.75,1,4,-1
6,2.164042561,0.6,16,0.75,1,6,-1
4,2.164042561,0.6,16,0.75,1,4,-1
4,2.164042561,0.6,16,0.75,1,4,-1
0,0.72134752,0.333333333,4,0.25,0.5,0,-1
4,0.72134752,0.333333333,4,0.25,1,4,-1
4,1.442695041,0.2,8,0.5,1,4,-1
2,0.72134752,0.333333333,4,0.25,0.5,2,-1
14,6.603608837,0.777777778,255,1.683333333,1,14,-1
10,3.748030596,0.5,170,0.816666667,1,10,-1
10,3.748030596,0.5,170,0.816666667,1,10,-1
10,3.748030596,0.5,170,0.816666667,1,10,-1
5,2.601711879,0.277777778,102,0.733333333,1,5,-1
10,3.748030596,0.5,170,0.816666667,1,10,-1
11,5.022565342,0.611111111,204,1.233333333,1,11,-1
10,3.748030596,0.5,170,0.816666667,1,10,-1
5,2.601711879,0.277777778,102,0.733333333,1,5,-1
5,2.601711879,0.277777778,102,0.733333333,1,5,-1
0,2.601711879,0.277777778,102,0.733333333,1,0,-1
0,1.828623748,0.222222222,85,0.45,1,0,-1
10,3.748030596,0.5,170,0.816666667,1,10,-1
11,5.022565342,0.611111111,204,1.233333333,1,11,-1
11,5.022565342,0.611111111,204,1.233333333,1,11,-1
4,1.828623748,0.222222222,85,0.45,1,4,-1
5,2.601711879,0.277777778,102,0.733333333,1,5,-1
10,2.485339738,0.666666667,25,0.8,1,10,-1
10,2.485339738,0.666666667,25,0.8,1,10,-1
10,2.485339738,0.666666667,25,0.8,1,10,-1
10,2.485339738,0.666666667,25,0.8,1,10,-1
10,2.485339738,0.666666667,25,0.8,1,10,-1
4,1.442695041,0.333333333,4,0.5,1,4,-1
4,1.442695041,0.333333333,4,0.5,1,4,-1
0,1.442695041,0.1,18,0.5,1,0,-1
2,1.442695041,0.1,18,0.5,1,2,-1
7,2.848275138,0.6,63,0.73015873,1,7,-1
7,2.848275138,0.6,63,0.73015873,1,7,-1
7,2.848275138,0.6,63,0.73015873,1,7,-1
7,2.907053867,0.5,81,0.761904762,1,7,-1
0,1.820478453,0.4,45,0.444444444,0.5,0,-1
7,2.907053867,0.5,81,0.761904762,1,7,-1
5,1.820478453,0.4,45,0.444444444,0.5,5,-1
7,2.907053867,0.5,81,0.761904762,1,7,-1
7,2.907053867,0.5,81,0.761904762,1,7,-1
13,4.426725648,0.846153846,144,0.916666667,1,13,-1
13,4.426725648,0.846153846,144,0.916666667,1,13,-1
8,4.426725648,0.846153846,144,0.916666667,1,8,-1
8,4.426725648,0.846153846,144,0.916666667,1,8,-1
13,4.426725648,0.846153846,144,0.916666667,1,13,-1
0,4.426725648,0.846153846,144,0.916666667,1,0,-1
13,4.426725648,0.846153846,144,0.916666667,1,13,-1
0,4.426725648,0.846153846,144,0.916666667,1,0,-1
0,4.426725648,0.846153846,144,0.916666667,1,0,-1
13,4.426725648,0.846153846,144,0.916666667,1,13,-1
0,4.426725648,0.846153846,144,0.916666667,1,0,-1
8,4.426725648,0.846153846,144,0.916666667,1,8,-1
3,1.442695041,0.333333333,4,0.5,1,3,-1
2,1.442695041,0.333333333,4,0.5,1,2,-1
3,1.442695041,0.333333333,4,0.5,1,3,-1
0,0.434294482,0.111111111,25,0.1,0.5,0,-1
0,0.434294482,0.111111111,25,0.1,0.5,0,-1
0,0.434294482,0.111111111,25,0.1,0.5,0,-1
0,2.485339738,0.363636364,50,0.8,1,0,-1
0,0.434294482,0.111111111,25,0.1,0.5,0,-1
4,2.298299286,0.666666667,25,0.7,1,4,-1
0,2.298299286,0.666666667,25,0.7,1,0,-1
4,2.298299286,0.666666667,25,0.7,1,4,-1
0,2.298299286,0.666666667,25,0.7,1,0,-1
0,0.434294482,0.111111111,25,0.1,0.5,0,-1
2,0.378923182,0.047619048,72,0.071428571,0.5,2,-1
7,2.596999456,0.272727273,180,0.596428571,1,7,-1
7,2.652370756,0.230769231,252,0.625,1,7,-1
7,2.596999456,0.272727273,180,0.596428571,1,7,-1
0,0.378923182,0.034482759,216,0.071428571,0.5,0,-1
5,3.17448025,0.368421053,144,0.77473262,1,5,-1
5,3.17448025,0.368421053,144,0.77473262,1,5,-1
0,0.769988515,0.1,72,0.14973262,0.5,0,-1
8,3.031293938,0.388888889,126,0.696428571,0.5,8,-1
7,2.550395591,0.3,144,0.571428571,1,7,-1
7,2.596999456,0.272727273,180,0.596428571,1,7,-1
7,2.596999456,0.272727273,180,0.596428571,1,7,-1
7,2.596999456,0.272727273,180,0.596428571,1,7,-1
0,0.378923182,0.047619048,72,0.071428571,0.5,0,-1
0,0.378923182,0.047619048,72,0.071428571,0.5,0,-1
6,2.116101109,0.263157895,108,0.471428571,0.5,6,-1
6,2.116101109,0.263157895,108,0.471428571,0.5,6,-1
0,0.434294482,0.052631579,36,0.1,0.5,0,-1
5,1.808355841,0.210526316,90,0.440641711,1,5,-1
8,4.962124734,0.4,306,1.331818182,1,8,-1
3,0.769988515,0.076923077,180,0.14973262,0.5,3,-1
0,0.434294482,0.052631579,36,0.1,0.5,0,-1
5,2.012658384,0.16,198,0.54973262,1,5,-1
5,1.808355841,0.210526316,90,0.440641711,1,5,-1
0,3.17448025,0.368421053,144,0.77473262,1,0,-1
3,0.769988515,0.1,72,0.14973262,0.5,3,-1
0,0.769988515,0.1,72,0.14973262,0.5,0,-1
3,0.769988515,0.1,72,0.14973262,0.5,3,-1
8,4.898048466,0.526315789,198,1.29973262,1,8,-1
0,3.17448025,0.368421053,144,0.77473262,1,0,-1
0,3.17448025,0.368421053,144,0.77473262,1,0,-1
5,3.17448025,0.368421053,144,0.77473262,1,5,-1
3,0.769988515,0.1,72,0.14973262,0.5,3,-1
2,0.303413076,0.090909091,35,0.037037037,0.5,2,-1
0,0.303413076,0.029411765,196,0.037037037,0.5,0,-1
0,0.303413076,0.1,28,0.037037037,0.5,0,-1
0,0.434294482,0.058823529,77,0.1,0.5,0,-1
0,0.303413076,0.142857143,7,0.037037037,0.5,0,-1
0,0.303413076,0.111111111,21,0.037037037,0.5,0,-1
0,0.303413076,0.111111111,21,0.037037037,0.5,0,-1
0,0.303413076,0.125,14,0.037037037,0.5,0,-1
0,0.434294482,0.076923077,49,0.1,0.5,0,-1
0,0.434294482,0.066666667,63,0.1,0.5,0,-1
2,0.434294482,0.076923077,49,0.1,0.5,2,-1
0,0.303413076,0.125,14,0.037037037,0.5,0,-1
0,0.303413076,0.111111111,21,0.037037037,0.5,0,-1
0,0.303413076,0.125,14,0.037037037,0.5,0,-1
0,0.303413076,0.111111111,21,0.037037037,0.5,0,-1
0,0.303413076,0.111111111,21,0.037037037,0.5,0,-1
0,0.303413076,0.1,28,0.037037037,0.5,0,-1
0,0.303413076,0.111111111,21,0.037037037,0.5,0,-1
2,0.303413076,0.125,14,0.037037037,0.5,2,-1
0,0.434294482,0.111111111,21,0.1,0.5,0,-1
0,0.737707557,0.25,21,0.137037037,1,0,-1
0,1.344533709,0.0625,189,0.433333333,1,0,-1
0,1.213652302,0.133333333,70,0.37037037,1,0,-1
0,0.303413076,0.111111111,21,0.037037037,0.5,0,-1
0,2.164042561,0.375,28,0.75,1,0,-1
2,0.303413076,0.090909091,35,0.037037037,0.5,2,-1
0,2.164042561,0.375,28,0.75,1,0,-1
0,2.164042561,0.375,28,0.75,1,0,-1
0,2.164042561,0.375,28,0.75,1,0,-1
2,0.303413076,0.076923077,49,0.037037037,0.5,2,-1
0,0.303413076,0.125,14,0.037037037,0.5,0,-1
0,0.434294482,0.090909091,35,0.1,0.5,0,-1
2,0.303413076,0.125,14,0.037037037,0.5,2,-1
2,0.303413076,0.090909091,35,0.037037037,0.5,2,-1
0,0.434294482,0.090909091,35,0.1,0.5,0,-1
2,0.303413076,0.125,14,0.037037037,0.5,2,-1
0,0.303413076,0.090909091,35,0.037037037,0.5,0,-1
0,0.303413076,0.125,14,0.037037037,0.5,0,-1
5,2.233274177,0.666666667,25,0.666666667,1,5,-1
3,2.233274177,0.666666667,25,0.666666667,1,3,-1
0,0.369269373,0.041666667,100,0.066666667,0.5,0,-1
0,0.369269373,0.111111111,25,0.066666667,0.5,0,-1
0,0.369269373,0.076923077,45,0.066666667,0.5,0,-1
0,2.485339738,0.25,75,0.8,1,0,-1
5,2.233274177,0.666666667,25,0.666666667,1,5,-1
0,2.233274177,0.666666667,25,0.666666667,1,0,-1
0,0.369269373,0.166666667,10,0.066666667,0.5,0,-1
0,0.369269373,0.111111111,25,0.066666667,0.5,0,-1
0,0.369269373,0.166666667,10,0.066666667,0.5,0,-1
2,0.369269373,0.142857143,15,0.066666667,0.5,2,-1
0,0.369269373,0.111111111,25,0.066666667,0.5,0,-1
0,0.369269373,0.111111111,25,0.066666667,0.5,0,-1
0,0.369269373,0.076923077,45,0.066666667,0.5,0,-1
9,2.485339738,0.666666667,25,0.8,1,9,-1
5,2.485339738,0.666666667,25,0.8,1,5,-1
9,2.485339738,0.666666667,25,0.8,1,9,-1
9,2.485339738,0.666666667,25,0.8,1,9,-1
9,2.485339738,0.666666667,25,0.8,1,9,-1
0,2.222386144,0.192307692,150,0.534361472,1,0,-1
0,0.310667467,0.071428571,54,0.04,0.5,0,-1
0,2.172379851,0.294117647,96,0.511861472,1,0,-1
0,2.204594872,0.227272727,126,0.526742424,1,0,-1
0,0.689132499,0.142857143,60,0.110119048,0.5,0,-1
0,0.310667467,0.071428571,54,0.04,0.5,0,-1
0,0.310667467,0.05,90,0.04,0.5,0,-1
0,0.310667467,0.052631579,84,0.04,0.5,0,-1
0,2.116021219,0.416666667,66,0.483452381,1,0,-1
0,1.10616489,0.428571429,24,0.201028139,0.5,0,-1
0,1.10616489,0.428571429,24,0.201028139,0.5,0,-1
0,1.974942984,0.714285714,36,0.407694805,1,0,-1
0,0.328458739,0.142857143,12,0.047619048,0.5,0,-1
0,0.689132499,0.222222222,30,0.110119048,0.5,0,-1
0,1.974942984,0.714285714,36,0.407694805,1,0,-1
0,0.328458739,0.142857143,12,0.047619048,0.5,0,-1
0,0.310667467,0.071428571,54,0.04,0.5,0,-1
0,0.310667467,0.071428571,54,0.04,0.5,0,-1
0,0.328458739,0.1,30,0.047619048,0.5,0,-1
0,0.310667467,0.090909091,36,0.04,0.5,0,-1
0,0.328458739,0.1,30,0.047619048,0.5,0,-1
0,0.310667467,0.090909091,36,0.04,0.5,0,-1
0,0.328458739,0.1,30,0.047619048,0.5,0,-1
0,0.310667467,0.090909091,36,0.04,0.5,0,-1
0,1.10616489,0.375,30,0.201028139,0.5,0,-1
2,0.310667467,0.071428571,54,0.04,0.5,2,-1
0,0.310667467,0.090909091,36,0.04,0.5,0,-1
0,0.310667467,0.090909091,36,0.04,0.5,0,-1
0,0.310667467,0.071428571,54,0.04,0.5,0,-1
0,0.310667467,0.071428571,54,0.04,0.5,0,-1
0,0.310667467,0.071428571,54,0.04,0.5,0,-1
0,0.310667467,0.1,30,0.04,0.5,0,-1
0,0.689132499,0.222222222,30,0.110119048,0.5,0,-1
0,0.689132499,0.153846154,54,0.110119048,0.5,0,-1
0,0.689132499,0.222222222,30,0.110119048,0.5,0,-1
0,1.10616489,0.3,42,0.201028139,0.5,0,-1
0,1.10616489,0.375,30,0.201028139,0.5,0,-1
0,0.310667467,0.1,30,0.04,0.5,0,-1
0,0.310667467,0.1,30,0.04,0.5,0,-1
0,0.310667467,0.1,30,0.04,0.5,0,-1
4,2.164042561,0.6,16,0.75,1,4,-1
4,2.164042561,0.6,16,0.75,1,4,-1
4,2.164042561,0.6,16,0.75,1,4,-1
4,2.164042561,0.6,16,0.75,1,4,-1
3,1.820478453,0.5,9,0.666666667,1,3,-1
3,1.820478453,0.5,9,0.666666667,1,3,-1
3,1.820478453,0.5,9,0.666666667,1,3,-1
10,2.485339738,0.666666667,25,0.8,1,10,-1
10,2.485339738,0.666666667,25,0.8,1,10,-1
10,2.485339738,0.666666667,25,0.8,1,10,-1
10,2.485339738,0.666666667,25,0.8,1,10,-1
10,2.485339738,0.666666667,25,0.8,1,10,-1
7,3.083390054,0.75,49,0.857142857,1,7,-1
7,3.083390054,0.75,49,0.857142857,1,7,-1
8,3.083390054,0.75,49,0.857142857,1,8,-1
7,3.083390054,0.75,49,0.857142857,1,7,-1
7,3.083390054,0.75,49,0.857142857,1,7,-1
7,3.083390054,0.75,49,0.857142857,1,7,-1
7,3.083390054,0.75,49,0.857142857,1,7,-1
7,1.578896738,0.6,16,0.444444444,1,7,-1
4,1.845124645,0.3,36,0.583333333,1,4,-1
7,1.897814654,0.230769231,48,0.611111111,1,7,-1
7,1.578896738,0.6,16,0.444444444,1,7,-1
5,0.857549218,0.125,56,0.194444444,0.5,5,-1
5,0.857549218,0.25,24,0.194444444,0.5,5,-1
3,0.857549218,0.25,24,0.194444444,0.5,3,-1
3,0.857549218,0.25,24,0.194444444,0.5,3,-1
4,0.402429604,0.142857143,16,0.083333333,0.5,4,-1
4,0.402429604,0.142857143,16,0.083333333,0.5,4,-1
0,0.402429604,0.142857143,16,0.083333333,0.5,0,-1
0,0.857549218,0.25,24,0.194444444,0.5,0,-1
5,1.820478453,0.5,9,0.666666667,1,5,-1
3,1.820478453,0.5,9,0.666666667,1,3,-1
5,1.820478453,0.5,9,0.666666667,1,5,-1
2,1.442695041,0.333333333,4,0.5,1,2,-1
2,1.442695041,0.333333333,4,0.5,1,2,-1
12,4.426725648,0.846153846,144,0.916666667,1,12,-1
12,4.426725648,0.846153846,144,0.916666667,1,12,-1
12,4.426725648,0.846153846,144,0.916666667,1,12,-1
12,4.426725648,0.846153846,144,0.916666667,1,12,-1
19,4.426725648,0.846153846,144,0.916666667,1,19,-1
19,4.426725648,0.846153846,144,0.916666667,1,19,-1
19,4.426725648,0.846153846,144,0.916666667,1,19,-1
12,4.426725648,0.846153846,144,0.916666667,1,12,-1
19,4.426725648,0.846153846,144,0.916666667,1,19,-1
19,4.426725648,0.846153846,144,0.916666667,1,19,-1
19,4.426725648,0.846153846,144,0.916666667,1,19,-1
5,2.164042561,0.6,16,0.75,1,5,-1
0,2.164042561,0.6,16,0.75,1,0,-1
5,2.164042561,0.6,16,0.75,1,5,-1
3,2.164042561,0.6,16,0.75,1,3,-1
6,2.601711879,0.3125,90,0.733333333,1,6,-1
0,0.738538746,0.0125,936,0.133333333,0.5,0,-1
6,2.601711879,0.3125,90,0.733333333,1,6,-1
0,0.738538746,0.153846154,54,0.133333333,0.5,0,-1
3,0.738538746,0.083333333,120,0.133333333,0.5,3,-1
0,0.738538746,0.2,36,0.133333333,0.5,0,-1
0,0.738538746,0.153846154,54,0.133333333,0.5,0,-1
0,0.738538746,0.142857143,60,0.133333333,0.5,0,-1
0,0.738538746,0.153846154,54,0.133333333,0.5,0,-1
3,0.738538746,0.142857143,60,0.133333333,0.5,3,-1
0,0.738538746,0.153846154,54,0.133333333,0.5,0,-1
6,2.412870626,0.714285714,36,0.633333333,1,6,-1
6,2.412870626,0.714285714,36,0.633333333,1,6,-1
6,2.412870626,0.714285714,36,0.633333333,1,6,-1
7,2.412870626,0.714285714,36,0.633333333,1,7,-1
3,2.052026955,0.444444444,40,0.572619048,1,3,-1
3,2.052026955,0.444444444,40,0.572619048,1,3,-1
0,0.328458739,0.0625,60,0.047619048,0.5,0,-1
0,0.328458739,0.142857143,15,0.047619048,0.5,0,-1
0,0.961796694,0.153846154,50,0.25,0.5,0,-1
3,0.961796694,0.285714286,20,0.25,0.5,3,-1
0,1.911590367,0.666666667,25,0.497619048,1,0,-1
0,0.328458739,0.034482759,125,0.047619048,0.5,0,-1
0,0.328458739,0.0625,60,0.047619048,0.5,0,-1
0,2.204466563,0.181818182,105,0.65,1,0,-1
0,0.328458739,0.2,5,0.047619048,0.5,0,-1
3,0.961796694,0.285714286,20,0.25,0.5,3,-1
0,0.328458739,0.05,80,0.047619048,0.5,0,-1
0,0.328458739,0.066666667,55,0.047619048,0.5,0,-1
0,0.328458739,0.066666667,55,0.047619048,0.5,0,-1
0,0.328458739,0.142857143,15,0.047619048,0.5,0,-1
0,0.328458739,0.142857143,15,0.047619048,0.5,0,-1
0,0.328458739,0.045454545,90,0.047619048,0.5,0,-1
3,1.911590367,0.666666667,25,0.497619048,1,3,-1
0,0.328458739,0.066666667,55,0.047619048,0.5,0,-1
0,0.328458739,0.0625,60,0.047619048,0.5,0,-1
0,0.328458739,0.111111111,25,0.047619048,0.5,0,-1
0,0.328458739,0.066666667,55,0.047619048,0.5,0,-1
0,0.328458739,0.066666667,55,0.047619048,0.5,0,-1
0,0.402429604,0.041666667,126,0.083333333,0.5,0,-1
2,0.345976256,0.016129032,810,0.055555556,0.5,2,-1
2,0.345976256,0.028571429,324,0.055555556,0.5,2,-1
0,1.705849937,0.153846154,216,0.388888889,1,0,-1
7,4.514933682,0.375,270,1.22979798,1,7,-1
7,4.514933682,0.375,270,1.22979798,1,7,-1
5,2.05965802,0.263157895,108,0.446464646,1,5,-1
7,4.538226799,0.333333333,324,1.240909091,1,7,-1
2,0.345976256,0.05,54,0.055555556,0.5,2,-1
4,1.501547394,0.181818182,144,0.27979798,0.5,4,-1
0,0.402429604,0.041666667,126,0.083333333,0.5,0,-1
0,0.402429604,0.041666667,126,0.083333333,0.5,0,-1
0,0.402429604,0.041666667,126,0.083333333,0.5,0,-1
0,0.402429604,0.041666667,126,0.083333333,0.5,0,-1
2,0.513898342,0.05,54,0.142857143,0.5,2,-1
0,0.402429604,0.041666667,126,0.083333333,0.5,0,-1
0,0.402429604,0.041666667,126,0.083333333,0.5,0,-1
4,1.956593383,0.157894737,72,0.642857143,1,4,-1
4,1.956593383,0.157894737,72,0.642857143,1,4,-1
4,1.501547394,0.181818182,144,0.27979798,0.5,4,-1
4,1.501547394,0.181818182,144,0.27979798,0.5,4,-1
4,1.501547394,0.093023256,522,0.27979798,0.5,4,-1
0,2.200736256,0.208333333,198,0.522222222,1,0,-1
4,1.501547394,0.181818182,144,0.27979798,0.5,4,-1
2,0.513898342,0.05,54,0.142857143,0.5,2,-1
2,0.513898342,0.05,54,0.142857143,0.5,2,-1
4,2.064029975,0.15,90,0.7,1,4,-1
0,1.486944607,0.210526316,90,0.272222222,1,0,-1
5,1.705849937,0.210526316,90,0.388888889,1,5,-1
4,2.064029975,0.15,90,0.7,1,4,-1
3,1.242669869,0.111111111,36,0.4,0.5,3,-1
5,1.705849937,0.210526316,90,0.388888889,1,5,-1
5,2.05965802,0.263157895,108,0.446464646,1,5,-1
4,1.96401739,0.157894737,72,0.65,1,4,-1
4,1.96401739,0.157894737,72,0.65,1,4,-1
0,1.442695041,0.333333333,4,0.5,1,0,-1
0,1.442695041,0.333333333,4,0.5,1,0,-1
2,0.36067376,0.090909091,20,0.0625,0.5,2,-1
10,2.703386542,0.545454545,70,0.661309524,1,10,-1
6,1.568153265,0.2,140,0.318452381,0.5,6,-1
2,0.36067376,0.090909091,20,0.0625,0.5,2,-1
6,2.138410238,0.238095238,160,0.489718615,1,6,-1
11,3.319659295,0.259259259,240,0.853409091,1,11,-1
4,1.568153265,0.235294118,110,0.318452381,0.5,4,-1
6,2.120160817,0.263157895,140,0.480790043,1,6,-1
4,1.054254922,0.25,50,0.175595238,0.5,4,-1
4,0.31465798,0.047619048,120,0.041666667,0.5,4,-1
8,1.856353008,0.363636364,50,0.470238095,1,8,-1
2,0.31465798,0.066666667,60,0.041666667,0.5,2,-1
10,2.703386542,0.545454545,70,0.661309524,1,10,-1
4,0.31465798,0.047619048,120,0.041666667,0.5,4,-1
6,2.874733376,0.3125,110,0.842261905,1,6,-1
7,1.471287314,0.235294118,110,0.266504329,0.5,7,-1
5,1.471287314,0.153846154,200,0.266504329,0.5,5,-1
5,1.471287314,0.2,140,0.266504329,0.5,5,-1
2,0.31465798,0.055555556,90,0.041666667,0.5,2,-1
4,0.31465798,0.0625,70,0.041666667,0.5,4,-1
7,1.471287314,0.2,140,0.266504329,0.5,7,-1
2,0.31465798,0.0625,70,0.041666667,0.5,2,-1
4,0.31465798,0.04,160,0.041666667,0.5,4,-1
0,1.9637896,0.307692308,70,0.527380952,1,0,-1
2,0.31465798,0.0625,70,0.041666667,0.5,2,-1
7,1.471287314,0.235294118,110,0.266504329,0.5,7,-1
5,1.327271618,0.181818182,30,0.424242424,1,5,-1
5,1.327271618,0.181818182,30,0.424242424,1,5,-1
0,4.912888397,0.833333333,121,1.306818182,1,0,-1
10,2.367318427,0.416666667,66,0.606060606,1,10,-1
15,4.912888397,0.833333333,121,1.306818182,1,15,-1
10,2.367318427,0.416666667,66,0.606060606,1,10,-1
10,2.367318427,0.416666667,66,0.606060606,1,10,-1
15,4.912888397,0.833333333,121,1.306818182,1,15,-1
7,3.174690562,0.583333333,88,0.772727273,1,7,-1
7,3.174690562,0.583333333,88,0.772727273,1,7,-1
7,3.174690562,0.583333333,88,0.772727273,1,7,-1
7,3.174690562,0.583333333,88,0.772727273,1,7,-1
7,3.174690562,0.583333333,88,0.772727273,1,7,-1
2,0.306927676,0.125,20,0.038461538,0.5,2,-1
3,2.030495893,0.666666667,25,0.563461538,1,3,-1
2,0.306927676,0.045454545,90,0.038461538,0.5,2,-1
2,0.306927676,0.125,20,0.038461538,0.5,2,-1
0,0.306927676,0.2,5,0.038461538,0.5,0,-1
3,2.344903151,0.148148148,130,0.725,1,3,-1
0,2.030495893,0.666666667,25,0.563461538,1,0,-1
2,0.306927676,0.090909091,35,0.038461538,0.5,2,-1
2,0.306927676,0.090909091,35,0.038461538,0.5,2,-1
0,2.17093248,0.444444444,40,0.638461538,1,0,-1
3,2.030495893,0.666666667,25,0.563461538,1,3,-1
2,0.306927676,0.125,20,0.038461538,0.5,2,-1
2,0.306927676,0.125,20,0.038461538,0.5,2,-1
2,0.306927676,0.111111111,25,0.038461538,0.5,2,-1
2,0.306927676,0.142857143,15,0.038461538,0.5,2,-1
2,0.306927676,0.125,20,0.038461538,0.5,2,-1
2,0.306927676,0.111111111,25,0.038461538,0.5,2,-1
2,0.306927676,0.111111111,25,0.038461538,0.5,2,-1
2,0.306927676,0.125,20,0.038461538,0.5,2,-1
2,0.787826023,0.285714286,20,0.163461538,0.5,2,-1
2,0.787826023,0.285714286,20,0.163461538,0.5,2,-1
2,0.306927676,0.111111111,25,0.038461538,0.5,2,-1
2,0.306927676,0.2,5,0.038461538,0.5,2,-1
2,0.306927676,0.142857143,15,0.038461538,0.5,2,-1
2,0.306927676,0.142857143,15,0.038461538,0.5,2,-1
2,0.787826023,0.285714286,20,0.163461538,0.5,2,-1
5,2.485339738,0.666666667,25,0.8,1,5,-1
5,2.485339738,0.666666667,25,0.8,1,5,-1
5,2.485339738,0.666666667,25,0.8,1,5,-1
5,2.485339738,0.666666667,25,0.8,1,5,-1
6,2.485339738,0.666666667,25,0.8,1,6,-1
8,2.164042561,0.1875,60,0.75,1,8,-1
2,0.369269373,0.125,20,0.066666667,0.5,2,-1
2,0.369269373,0.058823529,56,0.066666667,0.5,2,-1
2,0.369269373,0.027777778,132,0.066666667,0.5,2,-1
2,0.369269373,0.125,20,0.066666667,0.5,2,-1
2,0.369269373,0.071428571,44,0.066666667,0.5,2,-1
8,1.811964414,0.6,16,0.566666667,1,8,-1
8,1.811964414,0.6,16,0.566666667,1,8,-1
8,1.811964414,0.6,16,0.566666667,1,8,-1
2,0.369269373,0.111111111,24,0.066666667,0.5,2,-1
2,0.369269373,0.071428571,44,0.066666667,0.5,2,-1
2,0.369269373,0.111111111,24,0.066666667,0.5,2,-1
2,0.369269373,0.058823529,56,0.066666667,0.5,2,-1
2,0.369269373,0.090909091,32,0.066666667,0.5,2,-1
0,0.369269373,0.125,20,0.066666667,0.5,0,-1
3,1.344533709,0.5,9,0.433333333,1,3,-1
2,0.434294482,0.111111111,21,0.1,0.5,2,-1
3,1.344533709,0.5,9,0.433333333,1,3,-1
0,0.434294482,0.111111111,21,0.1,0.5,0,-1
2,0.434294482,0.111111111,21,0.1,0.5,2,-1
4,1.820478453,0.181818182,30,0.666666667,1,4,-1
0,0.434294482,0.111111111,21,0.1,0.5,0,-1
2,0.434294482,0.111111111,21,0.1,0.5,2,-1
2,0.434294482,0.111111111,21,0.1,0.5,2,-1
2,0.434294482,0.111111111,21,0.1,0.5,2,-1
7,2.790553133,0.294117647,96,0.833333333,1,7,-1
0,3.650769676,0.529411765,160,0.777631579,1,0,-1
1,3.650769676,0.529411765,160,0.777631579,1,1,-1
0,0.271085031,0.04,160,0.025,0.5,0,-1
0,0.271085031,0.037037037,192,0.025,0.5,0,-1
0,0.271085031,0.04,160,0.025,0.5,0,-1
0,3.813979127,0.191489362,640,0.852631579,1,0,-1
0,0.610708303,0.052631579,384,0.077631579,0.5,0,-1
0,0.610708303,0.052631579,384,0.077631579,0.5,0,-1
0,0.271085031,0.034482759,224,0.025,0.5,0,-1
0,3.650769676,0.529411765,160,0.777631579,1,0,-1
0,0.271085031,0.05,80,0.025,0.5,0,-1
0,0.271085031,0.027777778,336,0.025,0.5,0,-1
0,0.271085031,0.025,400,0.025,0.5,0,-1
0,0.271085031,0.027777778,336,0.025,0.5,0,-1
0,0.271085031,0.043478261,128,0.025,0.5,0,-1
0,3.650769676,0.529411765,160,0.777631579,1,0,-1
0,2.790553133,0.294117647,96,0.833333333,1,0,-1
0,0.610708303,0.083333333,160,0.077631579,0.5,0,-1
0,0.610708303,0.064516129,272,0.077631579,0.5,0,-1
0,0.271085031,0.041666667,144,0.025,0.5,0,-1
0,0.271085031,0.037037037,192,0.025,0.5,0,-1
0,0.271085031,0.05,80,0.025,0.5,0,-1
0,0.271085031,0.05,80,0.025,0.5,0,-1
0,0.271085031,0.043478261,128,0.025,0.5,0,-1
0,0.271085031,0.043478261,128,0.025,0.5,0,-1
0,0.271085031,0.043478261,128,0.025,0.5,0,-1
0,0.271085031,0.043478261,128,0.025,0.5,0,-1
0,3.745440886,0.346153846,304,0.825,1,0,-1
0,0.610708303,0.083333333,160,0.077631579,0.5,0,-1
0,0.610708303,0.083333333,160,0.077631579,0.5,0,-1
0,0.610708303,0.083333333,160,0.077631579,0.5,0,-1
0,0.610708303,0.083333333,160,0.077631579,0.5,0,-1
0,0.610708303,0.083333333,160,0.077631579,0.5,0,-1
0,0.271085031,0.041666667,144,0.025,0.5,0,-1
0,0.271085031,0.041666667,144,0.025,0.5,0,-1
0,0.271085031,0.041666667,144,0.025,0.5,0,-1
0,0.271085031,0.03030303,288,0.025,0.5,0,-1
4,2.790553133,0.294117647,96,0.833333333,1,4,-1
7,2.790553133,0.294117647,96,0.833333333,1,7,-1
7,2.790553133,0.294117647,96,0.833333333,1,7,-1
0,2.790553133,0.294117647,96,0.833333333,1,0,-1
0,3.650769676,0.529411765,160,0.777631579,1,0,-1
0,3.650769676,0.529411765,160,0.777631579,1,0,-1
0,3.650769676,0.529411765,160,0.777631579,1,0,-1
0,3.650769676,0.529411765,160,0.777631579,1,0,-1
0,0.36067376,0.066666667,60,0.0625,0.5,0,-1
2,0.36067376,0.066666667,60,0.0625,0.5,2,-1
0,0.36067376,0.022222222,240,0.0625,0.5,0,-1
0,0.36067376,0.066666667,60,0.0625,0.5,0,-1
0,0.36067376,0.066666667,60,0.0625,0.5,0,-1
0,2.593116266,0.714285714,36,0.729166667,1,0,-1
0,0.36067376,0.041666667,114,0.0625,0.5,0,-1
4,2.593116266,0.714285714,36,0.729166667,1,4,-1
7,2.593116266,0.714285714,36,0.729166667,1,7,-1
7,2.593116266,0.714285714,36,0.729166667,1,7,-1
0,2.593116266,0.714285714,36,0.729166667,1,0,-1
0,0.36067376,0.066666667,60,0.0625,0.5,0,-1
0,0.36067376,0.066666667,60,0.0625,0.5,0,-1
0,0.36067376,0.066666667,60,0.0625,0.5,0,-1
0,0.36067376,0.066666667,60,0.0625,0.5,0,-1
1,0,0,1,0,1,1,-1
1,0.623201764,0.133333333,60,0.082043344,0.5,1,-1
1,0.623201764,0.133333333,60,0.082043344,0.5,1,-1
0,1.802647325,0.571428571,30,0.44871001,1,0,-1
0,2.02113468,0.2,95,0.562745098,1,0,-1
0,0.623201764,0.285714286,20,0.082043344,0.5,0,-1
0,0.623201764,0.222222222,30,0.082043344,0.5,0,-1
0,0.623201764,0.285714286,20,0.082043344,0.5,0,-1
0,2.07717946,0.114285714,170,0.585964912,1,0,-1
1,0.623201764,0.133333333,60,0.082043344,0.5,1,-1
1,0.623201764,0.020408163,475,0.082043344,0.5,1,-1
1,0.623201764,0.133333333,60,0.082043344,0.5,1,-1
1,0.623201764,0.133333333,60,0.082043344,0.5,1,-1
0,0.283578492,0.066666667,55,0.029411765,0.5,0,-1
1,0.623201764,0.055555556,165,0.082043344,0.5,1,-1
1,0.623201764,0.133333333,60,0.082043344,0.5,1,-1
0,0.283578492,0.090909091,35,0.029411765,0.5,0,-1
0,0.283578492,0.090909091,35,0.029411765,0.5,0,-1
0,0.283578492,0.090909091,35,0.029411765,0.5,0,-1
0,0.283578492,0.090909091,35,0.029411765,0.5,0,-1
0,0.283578492,0.090909091,35,0.029411765,0.5,0,-1
0,0.283578492,0.090909091,35,0.029411765,0.5,0,-1
0,0.283578492,0.090909091,35,0.029411765,0.5,0,-1
0,1.802647325,0.571428571,30,0.44871001,1,0,-1
1,0.623201764,0.133333333,60,0.082043344,0.5,1,-1
0,1.739423017,0.666666667,25,0.415376677,1,0,-1
1,0.623201764,0.133333333,60,0.082043344,0.5,1,-1
1,0.623201764,0.133333333,60,0.082043344,0.5,1,-1
0,1.116221253,0.4,10,0.333333333,0.5,0,-1
0,0.283578492,0.111111111,25,0.029411765,0.5,0,-1
0,0.283578492,0.111111111,25,0.029411765,0.5,0,-1
0,0.283578492,0.111111111,25,0.029411765,0.5,0,-1
0,0.283578492,0.142857143,15,0.029411765,0.5,0,-1
0,0.283578492,0.111111111,25,0.029411765,0.5,0,-1
0,0.283578492,0.111111111,25,0.029411765,0.5,0,-1
0,0.283578492,0.142857143,15,0.029411765,0.5,0,-1
2,0.389871245,0.047619048,96,0.076923077,0.5,2,-1
2,2.790553133,0.357142857,78,0.833333333,1,2,-1
0,2.622313751,0.714285714,36,0.743589744,1,0,-1
2,0.389871245,0.083333333,42,0.076923077,0.5,2,-1
2,0.389871245,0.083333333,42,0.076923077,0.5,2,-1
0,2.622313751,0.714285714,36,0.743589744,1,0,-1
2,0.389871245,0.083333333,42,0.076923077,0.5,2,-1
2,0.389871245,0.083333333,42,0.076923077,0.5,2,-1
2,0.389871245,0.083333333,42,0.076923077,0.5,2,-1
2,0.389871245,0.083333333,42,0.076923077,0.5,2,-1
0,2.622313751,0.714285714,36,0.743589744,1,0,-1
0,2.622313751,0.714285714,36,0.743589744,1,0,-1
2,2.622313751,0.714285714,36,0.743589744,1,2,-1
0,0.417032391,0.066666667,48,0.090909091,0.5,0,-1
4,1.923593388,0.25,44,0.625,1,4,-1
3,0.897930738,0.285714286,20,0.215909091,0.5,3,-1
4,1.619278259,0.6,16,0.465909091,1,4,-1
4,1.619278259,0.6,16,0.465909091,1,4,-1
4,1.859727432,0.333333333,32,0.590909091,1,4,-1
3,0.897930738,0.285714286,20,0.215909091,0.5,3,-1
3,0.897930738,0.285714286,20,0.215909091,0.5,3,-1
3,0.897930738,0.285714286,20,0.215909091,0.5,3,-1
0,0.417032391,0.166666667,12,0.090909091,0.5,0,-1
0,0.417032391,0.166666667,12,0.090909091,0.5,0,-1
0,2.164042561,0.6,16,0.75,1,0,-1
1,2.164042561,0.6,16,0.75,1,1,-1
0,2.164042561,0.6,16,0.75,1,0,-1
0,2.164042561,0.6,16,0.75,1,0,-1
9,3.908650337,0.818181818,100,0.9,1,9,-1
10,3.908650337,0.818181818,100,0.9,1,10,-1
0,3.908650337,0.818181818,100,0.9,1,0,-1
9,3.908650337,0.818181818,100,0.9,1,9,-1
9,3.908650337,0.818181818,100,0.9,1,9,-1
9,3.908650337,0.818181818,100,0.9,1,9,-1
9,3.908650337,0.818181818,100,0.9,1,9,-1
9,3.908650337,0.818181818,100,0.9,1,9,-1
9,3.908650337,0.818181818,100,0.9,1,9,-1
9,3.908650337,0.818181818,100,0.9,1,9,-1
2,1.442695041,0.333333333,4,0.5,1,2,-1
15,4.081750262,0.833333333,121,0.865800866,1,15,-1
2,0.328458739,0.033333333,220,0.047619048,0.5,2,-1
2,0.328458739,0.033333333,220,0.047619048,0.5,2,-1
15,4.081750262,0.833333333,121,0.865800866,1,15,-1
15,4.081750262,0.833333333,121,0.865800866,1,15,-1
2,0.328458739,0.04,165,0.047619048,0.5,2,-1
10,4.170323914,0.454545455,231,0.909090909,1,10,-1
0,4.081750262,0.833333333,121,0.865800866,1,0,-1
10,4.081750262,0.833333333,121,0.865800866,1,10,-1
15,4.081750262,0.833333333,121,0.865800866,1,15,-1
15,4.081750262,0.833333333,121,0.865800866,1,15,-1
10,4.081750262,0.833333333,121,0.865800866,1,10,-1
10,4.081750262,0.833333333,121,0.865800866,1,10,-1
10,4.081750262,0.833333333,121,0.865800866,1,10,-1
2,0.328458739,0.05,110,0.047619048,0.5,2,-1
2,0.328458739,0.05,110,0.047619048,0.5,2,-1
2,0.328458739,0.05,110,0.047619048,0.5,2,-1
2,0.328458739,0.05,110,0.047619048,0.5,2,-1
2,0.328458739,0.05,110,0.047619048,0.5,2,-1
2,0.328458739,0.05,110,0.047619048,0.5,2,-1
2,0.328458739,0.05,110,0.047619048,0.5,2,-1
4,1.058868372,0.157894737,120,0.176470588,0.5,4,-1
6,4.278305207,0.611111111,204,0.843137255,1,6,-1
0,4.228831726,0.846153846,144,0.818627451,1,0,-1
0,4.278305207,0.611111111,204,0.843137255,1,0,-1
4,1.058868372,0.157894737,120,0.176470588,0.5,4,-1
4,1.058868372,0.1875,84,0.176470588,0.5,4,-1
6,4.278305207,0.611111111,204,0.843137255,1,6,-1
0,4.228831726,0.846153846,144,0.818627451,1,0,-1
6,4.228831726,0.846153846,144,0.818627451,1,6,-1
0,4.228831726,0.846153846,144,0.818627451,1,0,-1
4,1.058868372,0.1875,84,0.176470588,0.5,4,-1
6,4.278305207,0.611111111,204,0.843137255,1,6,-1
4,1.058868372,0.1875,84,0.176470588,0.5,4,-1
0,4.228831726,0.846153846,144,0.818627451,1,0,-1
6,4.228831726,0.846153846,144,0.818627451,1,6,-1
6,4.228831726,0.846153846,144,0.818627451,1,6,-1
0,4.228831726,0.846153846,144,0.818627451,1,0,-1
0,0.352956124,0.0625,60,0.058823529,0.5,0,-1
0,0.352956124,0.0625,60,0.058823529,0.5,0,-1
0,0.352956124,0.0625,60,0.058823529,0.5,0,-1
0,0.352956124,0.0625,60,0.058823529,0.5,0,-1
0,0.352956124,0.0625,60,0.058823529,0.5,0,-1
4,1.442695041,0.333333333,4,0.5,1,4,-1
4,1.442695041,0.333333333,4,0.5,1,4,-1
0,4.415732679,0.52,357,0.694803852,1,0,-1
0,0.27295842,0.03030303,289,0.025641026,0.5,0,-1
0,0.27295842,0.023255814,459,0.025641026,0.5,0,-1
0,4.415732679,0.52,357,0.694803852,1,0,-1
0,0.27295842,0.022727273,476,0.025641026,0.5,0,-1
0,0.27295842,0.04,153,0.025641026,0.5,0,-1
0,0.291206676,0.032258065,255,0.032258065,0.5,0,-1
0,0.27295842,0.022727273,476,0.025641026,0.5,0,-1
0,2.576617089,0.216216216,476,0.359639017,0.5,0,-1
0,2.576617089,0.258064516,374,0.359639017,0.5,0,-1
0,2.576617089,0.347826087,238,0.359639017,0.5,0,-1
3,0.804859209,0.08,170,0.166666667,0.5,3,-1
3,0.804859209,0.08,170,0.166666667,0.5,3,-1
0,0.291206676,0.04,153,0.032258065,0.5,0,-1
0,0.27295842,0.023255814,459,0.025641026,0.5,0,-1
0,4.471232998,0.302325581,663,0.716781874,1,0,-1
0,0.291206676,0.04,153,0.032258065,0.5,0,-1
0,4.365268236,0.722222222,238,0.670994328,1,0,-1
0,0.804859209,0.08,170,0.166666667,0.5,0,-1
0,4.365268236,0.722222222,238,0.670994328,1,0,-1
0,0.27295842,0.027777778,340,0.025641026,0.5,0,-1
0,4.365268236,0.722222222,238,0.670994328,1,0,-1
0,0.27295842,0.027777778,340,0.025641026,0.5,0,-1
0,0.27295842,0.027777778,340,0.025641026,0.5,0,-1
0,0.564165097,0.052631579,391,0.05789909,0.5,0,-1
0,2.576617089,0.32,272,0.359639017,0.5,0,-1
0,2.576617089,0.32,272,0.359639017,0.5,0,-1
0,4.415732679,0.52,357,0.694803852,1,0,-1
0,0.291206676,0.04,153,0.032258065,0.5,0,-1
0,4.415732679,0.52,357,0.694803852,1,0,-1
0,0.27295842,0.022727273,476,0.025641026,0.5,0,-1
0,0.27295842,0.04,153,0.025641026,0.5,0,-1
0,0.291206676,0.04,153,0.032258065,0.5,0,-1
0,0.27295842,0.027777778,340,0.025641026,0.5,0,-1
0,0.27295842,0.027777778,340,0.025641026,0.5,0,-1
0,0.27295842,0.027777778,340,0.025641026,0.5,0,-1
0,0.27295842,0.027777778,340,0.025641026,0.5,0,-1
0,0.27295842,0.027777778,340,0.025641026,0.5,0,-1
0,0.27295842,0.027777778,340,0.025641026,0.5,0,-1
0,0.27295842,0.027777778,340,0.025641026,0.5,0,-1
0,0.27295842,0.027777778,340,0.025641026,0.5,0,-1
0,0.27295842,0.027777778,340,0.025641026,0.5,0,-1
0,0.27295842,0.027777778,340,0.025641026,0.5,0,-1
0,0.291206676,0.04,153,0.032258065,0.5,0,-1
0,0.31465798,0.052631579,51,0.041666667,0.5,0,-1
0,0.31465798,0.052631579,51,0.041666667,0.5,0,-1
0,4.429533438,0.464285714,408,0.700756233,1,0,-1
0,0.31465798,0.052631579,51,0.041666667,0.5,0,-1
0,0.27295842,0.023255814,459,0.025641026,0.5,0,-1
0,0.27295842,0.055555556,34,0.025641026,0.5,0,-1
0,0.564165097,0.1,85,0.05789909,0.5,0,-1
0,0.291206676,0.04,153,0.032258065,0.5,0,-1
0,0.804859209,0.066666667,255,0.166666667,1,0,-1
0,4.415732679,0.52,357,0.694803852,1,0,-1
0,0.369269373,0.043478261,119,0.066666667,0.5,0,-1
0,2.576617089,0.347826087,238,0.359639017,0.5,0,-1
0,2.576617089,0.347826087,238,0.359639017,0.5,0,-1
0,4.415732679,0.52,357,0.694803852,1,0,-1
0,0.369269373,0.041666667,136,0.066666667,0.5,0,-1
0,4.365268236,0.722222222,238,0.670994328,1,0,-1
0,4.365268236,0.722222222,238,0.670994328,1,0,-1
1,0.369269373,0.035714286,204,0.066666667,0.5,1,-1
5,0.804859209,0.08,170,0.166666667,0.5,5,-1
5,0.804859209,0.08,170,0.166666667,0.5,5,-1
5,0.804859209,0.08,170,0.166666667,0.5,5,-1
5,0.804859209,0.08,170,0.166666667,0.5,5,-1
5,0.804859209,0.08,170,0.166666667,0.5,5,-1
2,0.771698977,0.074074074,204,0.15,1,2,-1
5,0.804859209,0.08,170,0.166666667,0.5,5,-1
1,0.369269373,0.041666667,136,0.066666667,0.5,1,-1
1,0.369269373,0.035714286,204,0.066666667,0.5,1,-1
1,0.369269373,0.047619048,85,0.066666667,0.5,1,-1
1,0.369269373,0.043478261,119,0.066666667,0.5,1,-1
1,0.369269373,0.047619048,85,0.066666667,0.5,1,-1
2,0.369269373,0.047619048,85,0.066666667,0.5,2,-1
0,0.369269373,0.043478261,119,0.066666667,0.5,0,-1
1,0.369269373,0.035714286,204,0.066666667,0.5,1,-1
0,0.369269373,0.043478261,119,0.066666667,0.5,0,-1
4,2.164042561,0.6,16,0.75,1,4,-1
6,2.164042561,0.6,16,0.75,1,6,-1
6,2.164042561,0.6,16,0.75,1,6,-1
4,2.164042561,0.6,16,0.75,1,4,-1
3,2.233274177,0.666666667,25,0.666666667,1,3,-1
0,0.369269373,0.041666667,100,0.066666667,0.5,0,-1
0,0.369269373,0.111111111,25,0.066666667,0.5,0,-1
0,0.369269373,0.076923077,45,0.066666667,0.5,0,-1
0,2.485339738,0.25,75,0.8,1,0,-1
5,2.233274177,0.666666667,25,0.666666667,1,5,-1
0,2.233274177,0.666666667,25,0.666666667,1,0,-1
0,0.369269373,0.166666667,10,0.066666667,0.5,0,-1
0,0.369269373,0.111111111,25,0.066666667,0.5,0,-1
0,0.369269373,0.166666667,10,0.066666667,0.5,0,-1
2,0.369269373,0.142857143,15,0.066666667,0.5,2,-1
0,0.369269373,0.111111111,25,0.066666667,0.5,0,-1
0,0.369269373,0.111111111,25,0.066666667,0.5,0,-1
0,0.369269373,0.076923077,45,0.066666667,0.5,0,-1
0,2.164042561,0.6,16,0.75,1,0,-1
0,2.164042561,0.6,16,0.75,1,0,-1
1,2.164042561,0.6,16,0.75,1,1,-1
0,2.164042561,0.6,16,0.75,1,0,-1
0,0.804859209,0.105263158,108,0.166666667,0.5,0,-1
10,2.485339738,0.307692308,60,0.8,1,10,-1
10,2.485339738,0.307692308,60,0.8,1,10,-1
10,2.485339738,0.307692308,60,0.8,1,10,-1
10,2.485339738,0.307692308,60,0.8,1,10,-1
10,2.485339738,0.307692308,60,0.8,1,10,-1
0,2.971921316,0.333333333,144,0.797619048,1,0,-1
0,0.804859209,0.125,72,0.166666667,0.5,0,-1
0,2.971921316,0.333333333,144,0.797619048,1,0,-1
6,2.860452578,0.461538462,84,0.738095238,1,6,-1
6,2.860452578,0.461538462,84,0.738095238,1,6,-1
4,2.860452578,0.461538462,84,0.738095238,1,4,-1
0,2.860452578,0.461538462,84,0.738095238,1,0,-1
4,2.860452578,0.461538462,84,0.738095238,1,4,-1
0,0.804859209,0.125,72,0.166666667,0.5,0,-1
0,0.804859209,0.125,72,0.166666667,0.5,0,-1
0,0.804859209,0.125,72,0.166666667,0.5,0,-1
6,3.937721136,0.181818182,594,0.808008425,1,6,-1
0,0.250690398,0.066666667,55,0.018518519,0.5,0,-1
6,3.877744067,0.384615385,275,0.786526944,1,6,-1
6,3.897204858,0.3125,341,0.794268879,1,6,-1
4,1.198540798,0.25,99,0.146332139,0.5,4,-1
3,0.856555055,0.166666667,110,0.09244325,0.5,3,-1
3,0.541897075,0.08,176,0.050776583,0.5,3,-1
3,0.541897075,0.08,176,0.050776583,0.5,3,-1
2,0.250690398,0.058823529,77,0.018518519,0.5,2,-1
2,0.250690398,0.076923077,33,0.018518519,0.5,2,-1
3,0.856555055,0.157894737,121,0.09244325,0.5,3,-1
3,0.856555055,0.166666667,110,0.09244325,0.5,3,-1
0,0.541897075,0.095238095,132,0.050776583,0.5,0,-1
3,0.541897075,0.08,176,0.050776583,0.5,3,-1
2,0.250690398,0.058823529,77,0.018518519,0.5,2,-1
3,0.541897075,0.08,176,0.050776583,0.5,3,-1
3,1.600915284,0.384615385,77,0.227169312,0.5,3,-1
0,3.873753554,0.4,264,0.784860277,1,0,-1
0,3.29559001,0.5625,154,0.612241229,1,0,-1
0,0.856555055,0.1875,88,0.09244325,0.5,0,-1
0,3.842435278,0.526315789,198,0.770971388,1,0,-1
2,0.250690398,0.055555556,88,0.018518519,0.5,2,-1
2,0.250690398,0.033333333,220,0.018518519,0.5,2,-1
0,2.802361187,0.666666667,99,0.481649599,1,0,-1
2,0.250690398,0.055555556,88,0.018518519,0.5,2,-1
5,1.963178095,0.461538462,88,0.294780912,0.5,5,-1
0,1.963178095,0.461538462,88,0.294780912,0.5,0,-1
3,0.541897075,0.105263158,110,0.050776583,0.5,3,-1
0,0.250690398,0.066666667,55,0.018518519,0.5,0,-1
4,2.802361187,0.666666667,99,0.481649599,1,4,-1
5,2.406020303,0.466666667,121,0.40228452,1,5,-1
0,2.802361187,0.666666667,99,0.481649599,1,0,-1
0,0.856555055,0.2,77,0.09244325,0.5,0,-1
4,1.513198779,0.357142857,88,0.187998805,0.5,4,-1
2,0.250690398,0.052631579,99,0.018518519,0.5,2,-1
5,1.93023117,0.5,77,0.278907896,1,5,-1
0,0.250690398,0.055555556,88,0.018518519,0.5,0,-1
3,0.907334122,0.230769231,55,0.114074074,0.5,3,-1
0,0.250690398,0.055555556,88,0.018518519,0.5,0,-1
2,0.250690398,0.052631579,99,0.018518519,0.5,2,-1
3,0.561357866,0.142857143,55,0.058518519,0.5,3,-1
3,0.561357866,0.142857143,55,0.058518519,0.5,3,-1
0,0.561357866,0.142857143,55,0.058518519,0.5,0,-1
4,1.513198779,0.357142857,88,0.187998805,0.5,4,-1
0,1.963178095,0.461538462,88,0.294780912,0.5,0,-1
4,1.513198779,0.357142857,88,0.187998805,0.5,4,-1
2,0.250690398,0.052631579,99,0.018518519,0.5,2,-1
4,1.513198779,0.357142857,88,0.187998805,0.5,4,-1
2,0.250690398,0.052631579,99,0.018518519,0.5,2,-1
2,0.250690398,0.052631579,99,0.018518519,0.5,2,-1
3,0.541897075,0.105263158,110,0.050776583,0.5,3,-1
2,0.250690398,0.055555556,88,0.018518519,0.5,2,-1
2,0.250690398,0.055555556,88,0.018518519,0.5,2,-1
0,0.561357866,0.095238095,132,0.058518519,0.5,0,-1
0,1.90695629,0.072727273,270,0.490909091,1,0,-1
28,6.281449477,0.272727273,864,1.394361239,1,28,-1
11,2.359022988,0.109090909,378,0.476190476,1,11,-1
3,0.851326873,0.036363636,162,0.190909091,1,3,-1
10,5.077279019,0.181818182,594,1.386226318,1,10,-1
5,4.604897315,0.163636364,540,1.266024298,1,5,-1
0,4.41921518,0.2,648,0.929083461,1,0,-1
28,6.281449477,0.272727273,864,1.394361239,1,28,-1
11,2.359022988,0.109090909,378,0.476190476,1,11,-1
0,10.20070036,0.418181818,1296,2.433874226,1,0,-1
0,5.418525386,0.236363636,756,1.202488945,1,0,-1
0,2.860503968,0.127272727,432,0.618802076,1,0,-1
0,2.96870318,0.145454545,486,0.554040171,1,0,-1
4,2.674284391,0.127272727,432,0.526262394,1,4,-1
0,2.674284391,0.127272727,432,0.526262394,1,0,-1
0,1.90695629,0.072727273,270,0.490909091,1,0,-1
4,2.96870318,0.145454545,486,0.554040171,1,4,-1
6,4.015057337,0.181818182,594,0.849675092,1,6,-1
0,2.96870318,0.145454545,486,0.554040171,1,0,-1
0,2.372384359,0.109090909,378,0.489833822,1,0,-1
6,2.705203421,0.127272727,432,0.544480287,1,6,-1
9,3.141862082,0.145454545,486,0.633333333,1,9,-1
7,2.096573163,0.109090909,378,0.351298469,1,7,-1
0,3.14072954,0.127272727,432,0.758333333,1,0,-1
7,1.625661679,0.072727273,270,0.34952381,1,7,-1
0,3.14072954,0.127272727,432,0.758333333,1,0,-1
15,3.04752181,0.145454545,486,0.583333333,1,15,-1
5,1.955766941,0.072727273,270,0.523333333,1,5,-1
5,1.955766941,0.072727273,270,0.523333333,1,5,-1
0,1.955766941,0.072727273,270,0.523333333,1,0,-1
8,2.705203421,0.127272727,432,0.544480287,1,8,-1
0,2.674284391,0.127272727,432,0.526262394,1,0,-1
6,2.705203421,0.127272727,432,0.544480287,1,6,-1
16,3.141862082,0.145454545,486,0.633333333,1,16,-1
6,2.705203421,0.127272727,432,0.544480287,1,6,-1
16,3.141862082,0.145454545,486,0.633333333,1,16,-1
16,3.141862082,0.145454545,486,0.633333333,1,16,-1
17,3.359553617,0.163636364,540,0.626702509,1,17,-1
10,3.14072954,0.127272727,432,0.758333333,1,10,-1
10,3.14072954,0.127272727,432,0.758333333,1,10,-1
0,5.393870553,0.2,648,1.44,1,0,-1
0,0.558110627,0.2,8,0.166666667,0.5,0,-1
2,0.455119613,0.125,14,0.111111111,0.5,2,-1
2,0.455119613,0.125,14,0.111111111,0.5,2,-1
1,0.558110627,0.1,18,0.166666667,1,1,-1
2,0.455119613,0.125,14,0.111111111,0.5,2,-1
2,0.455119613,0.125,14,0.111111111,0.5,2,-1
2,0.455119613,0.125,14,0.111111111,0.5,2,-1
0,0.455119613,0.125,14,0.111111111,0.5,0,-1
0,0.558110627,0.2,8,0.166666667,0.5,0,-1
0,0.558110627,0.2,8,0.166666667,0.5,0,-1
0,0.558110627,0.2,8,0.166666667,0.5,0,-1
2,0.455119613,0.125,14,0.111111111,0.5,2,-1
0,3.003786194,0.545454545,70,0.814285714,1,0,-1
0,2.924182333,0.75,49,0.771428571,1,0,-1
0,0.868588964,0.222222222,28,0.2,0.5,0,-1
0,3.003786194,0.545454545,70,0.814285714,1,0,-1
0,2.924182333,0.75,49,0.771428571,1,0,-1
4,2.924182333,0.75,49,0.771428571,1,4,-1
0,2.924182333,0.75,49,0.771428571,1,0,-1
4,2.924182333,0.75,49,0.771428571,1,4,-1
0,0.868588964,0.222222222,28,0.2,0.5,0,-1
0,0.868588964,0.222222222,28,0.2,0.5,0,-1
2,1.442695041,0.1,18,0.5,1,2,-1
0,0.455119613,0.125,14,0.111111111,0.5,0,-1
0,0.455119613,0.052631579,36,0.111111111,0.5,0,-1
2,0.455119613,0.333333333,4,0.111111111,1,2,-1
2,0.455119613,0.125,14,0.111111111,0.5,2,-1
2,0.455119613,0.125,14,0.111111111,0.5,2,-1
2,0.455119613,0.125,14,0.111111111,0.5,2,-1
0,0.455119613,0.125,14,0.111111111,0.5,0,-1
0,0.455119613,0.125,14,0.111111111,0.5,0,-1
0,0.705571216,0.041666667,650,0.04280303,0.5,0,-1
0,0.705571216,0.046153846,580,0.04280303,0.5,0,-1
6,3.311338107,0.818181818,100,0.64280303,1,6,-1
0,0.705571216,0.046153846,580,0.04280303,0.5,0,-1
0,0.705571216,0.047619048,560,0.04280303,0.5,0,-1
0,3.517427678,0.111111111,800,0.73030303,1,0,-1
0,0.228204911,0.071428571,50,0.0125,0.5,0,-1
0,0.228204911,0.047619048,120,0.0125,0.5,0,-1
0,0.228204911,0.041666667,150,0.0125,0.5,0,-1
0,0.228204911,0.071428571,50,0.0125,0.5,0,-1
0,0.228204911,0.071428571,50,0.0125,0.5,0,-1
0,3.506949437,0.134328358,660,0.727651515,1,0,-1
6,3.311338107,0.818181818,100,0.64280303,1,6,-1
0,0.705571216,0.046153846,580,0.04280303,0.5,0,-1
0,0.705571216,0.047619048,560,0.04280303,0.5,0,-1
0,0.705571216,0.047619048,560,0.04280303,0.5,0,-1
0,0.705571216,0.046153846,580,0.04280303,0.5,0,-1
0,0.705571216,0.130434783,160,0.04280303,0.5,0,-1
0,0.705571216,0.05,530,0.04280303,0.5,0,-1
0,0.705571216,0.047619048,560,0.04280303,0.5,0,-1
0,0.705571216,0.047619048,560,0.04280303,0.5,0,-1
0,0.705571216,0.047619048,560,0.04280303,0.5,0,-1
0,0.705571216,0.047619048,560,0.04280303,0.5,0,-1
0,0.705571216,0.047619048,560,0.04280303,0.5,0,-1
0,0.705571216,0.056603774,460,0.04280303,0.5,0,-1
0,0.705571216,0.047619048,560,0.04280303,0.5,0,-1
0,0.705571216,0.046153846,580,0.04280303,0.5,0,-1
0,0.705571216,0.047619048,560,0.04280303,0.5,0,-1
0,0.705571216,0.046153846,580,0.04280303,0.5,0,-1
0,0.705571216,0.046153846,580,0.04280303,0.5,0,-1
0,0.705571216,0.046153846,580,0.04280303,0.5,0,-1
0,0.705571216,0.047619048,560,0.04280303,0.5,0,-1
0,0.705571216,0.047619048,560,0.04280303,0.5,0,-1
0,0.705571216,0.047619048,560,0.04280303,0.5,0,-1
0,0.705571216,0.047619048,560,0.04280303,0.5,0,-1
0,0.705571216,0.047619048,560,0.04280303,0.5,0,-1
0,0.705571216,0.047619048,560,0.04280303,0.5,0,-1
0,0.705571216,0.047619048,560,0.04280303,0.5,0,-1
0,0.705571216,0.041666667,650,0.04280303,0.5,0,-1
0,0.228204911,0.090909091,20,0.0125,0.5,0,-1
0,0.705571216,0.047619048,560,0.04280303,0.5,0,-1
0,0.705571216,0.056603774,460,0.04280303,0.5,0,-1
0,0.705571216,0.047619048,560,0.04280303,0.5,0,-1
0,0.705571216,0.056603774,460,0.04280303,0.5,0,-1
0,0.705571216,0.047619048,560,0.04280303,0.5,0,-1
0,0.705571216,0.047619048,560,0.04280303,0.5,0,-1
0,0.705571216,0.130434783,160,0.04280303,0.5,0,-1
0,0.705571216,0.046153846,580,0.04280303,0.5,0,-1
0,3.506949437,0.134328358,660,0.727651515,1,0,-1
0,0.705571216,0.046153846,580,0.04280303,0.5,0,-1
0,0.705571216,0.046153846,580,0.04280303,0.5,0,-1
0,0.705571216,0.047619048,560,0.04280303,0.5,0,-1
0,0.228204911,0.071428571,50,0.0125,0.5,0,-1
0,0.705571216,0.047619048,560,0.04280303,0.5,0,-1
0,0.705571216,0.056603774,460,0.04280303,0.5,0,-1
0,0.705571216,0.047619048,560,0.04280303,0.5,0,-1
0,0.705571216,0.051724138,510,0.04280303,0.5,0,-1
0,0.705571216,0.051724138,510,0.04280303,0.5,0,-1
0,0.705571216,0.051724138,510,0.04280303,0.5,0,-1
0,0.705571216,0.051724138,510,0.04280303,0.5,0,-1
0,0.705571216,0.047619048,560,0.04280303,0.5,0,-1
0,0.705571216,0.047619048,560,0.04280303,0.5,0,-1
0,0.705571216,0.051724138,510,0.04280303,0.5,0,-1
0,0.705571216,0.051724138,510,0.04280303,0.5,0,-1
0,0.705571216,0.051724138,510,0.04280303,0.5,0,-1
6,3.311338107,0.818181818,100,0.64280303,1,6,-1
6,3.311338107,0.818181818,100,0.64280303,1,6,-1
6,3.311338107,0.818181818,100,0.64280303,1,6,-1
0,3.311338107,0.818181818,100,0.64280303,1,0,-1
0,0.228204911,0.058823529,80,0.0125,0.5,0,-1
0,0.228204911,0.058823529,80,0.0125,0.5,0,-1
0,0.228204911,0.058823529,80,0.0125,0.5,0,-1
0,0.228204911,0.058823529,80,0.0125,0.5,0,-1
0,0.228204911,0.058823529,80,0.0125,0.5,0,-1
0,0.228204911,0.058823529,80,0.0125,0.5,0,-1
0,0.705571216,0.047619048,560,0.04280303,0.5,0,-1
0,0.705571216,0.051724138,510,0.04280303,0.5,0,-1
0,0.705571216,0.051724138,510,0.04280303,0.5,0,-1
6,3.311338107,0.818181818,100,0.64280303,1,6,-1
0,0.228204911,0.058823529,80,0.0125,0.5,0,-1
11,5.479859207,0.35483871,360,1.468686869,1,11,-1
20,4.830936767,0.322580645,330,1.261111111,1,20,-1
4,2.164042561,0.096774194,120,0.75,1,4,-1
4,2.164042561,0.096774194,120,0.75,1,4,-1
6,2.755732,0.193548387,210,0.682417582,1,6,-1
8,4.680460505,0.290322581,300,1.308608059,1,8,-1
7,2.755732,0.193548387,210,0.682417582,1,7,-1
16,3.550179676,0.258064516,270,0.840909091,1,16,-1
7,2.858845779,0.129032258,150,0.957575758,1,7,-1
0,2.755732,0.193548387,210,0.682417582,1,0,-1
16,3.550179676,0.258064516,270,0.840909091,1,16,-1
3,1.531574161,0.064516129,90,0.533333333,1,3,-1
4,2.164042561,0.096774194,120,0.75,1,4,-1
4,2.164042561,0.096774194,120,0.75,1,4,-1
16,3.550179676,0.258064516,270,0.840909091,1,16,-1
3,0.779742491,0.047619048,420,0.153846154,0.5,3,-1
3,0.779742491,0.057142857,210,0.153846154,0.5,3,-1
2,1.531574161,0.064516129,90,0.533333333,1,2,-1
0,1.531574161,0.064516129,90,0.533333333,1,0,-1
3,0.779742491,0.047619048,420,0.153846154,0.5,3,-1
3,0.779742491,0.057142857,210,0.153846154,0.5,3,-1
3,1.558071607,0.096774194,120,0.433333333,1,3,-1
6,2.879759097,0.162162162,390,0.748351648,1,6,-1
6,2.879759097,0.162162162,390,0.748351648,1,6,-1
3,0.779742491,0.047619048,420,0.153846154,0.5,3,-1
3,0.779742491,0.047619048,420,0.153846154,0.5,3,-1
6,2.755732,0.193548387,210,0.682417582,1,6,-1
16,3.550179676,0.258064516,270,0.840909091,1,16,-1
16,3.550179676,0.258064516,270,0.840909091,1,16,-1
16,3.550179676,0.258064516,270,0.840909091,1,16,-1
9,3.550179676,0.258064516,270,0.840909091,1,9,-1
0,1.442695041,0.032258065,60,0.5,1,0,-1
2,1.442695041,0.032258065,60,0.5,1,2,-1
0,0.455119613,0.125,20,0.111111111,0.5,0,-1
2,0.455119613,0.125,20,0.111111111,0.5,2,-1
2,0.455119613,0.125,20,0.111111111,0.5,2,-1
4,2.485339738,0.4,45,0.8,1,4,-1
0,0.455119613,0.125,20,0.111111111,0.5,0,-1
5,2.319124417,0.666666667,25,0.711111111,1,5,-1
0,2.319124417,0.666666667,25,0.711111111,1,0,-1
4,2.319124417,0.666666667,25,0.711111111,1,4,-1
4,2.319124417,0.666666667,25,0.711111111,1,4,-1
2,1.442695041,0.333333333,4,0.5,1,2,-1
3,1.442695041,0.333333333,4,0.5,1,3,-1
0,0.22278481,0.111111111,25,0.011235955,0.5,0,-1
0,2.344903151,0.044444444,445,0.725,1,0,-1
0,0.22278481,0.083333333,40,0.011235955,0.5,0,-1
0,0.22278481,0.142857143,15,0.011235955,0.5,0,-1
0,0.22278481,0.083333333,40,0.011235955,0.5,0,-1
0,0.22278481,0.05,80,0.011235955,0.5,0,-1
0,0.22278481,0.0625,60,0.011235955,0.5,0,-1
0,0.22278481,0.083333333,40,0.011235955,0.5,0,-1
0,0.22278481,0.0625,60,0.011235955,0.5,0,-1
0,0.22278481,0.076923077,45,0.011235955,0.5,0,-1
0,0.22278481,0.083333333,40,0.011235955,0.5,0,-1
0,0.22278481,0.038461538,110,0.011235955,0.5,0,-1
0,0.22278481,0.058823529,65,0.011235955,0.5,0,-1
0,1.946353026,0.666666667,25,0.536235955,1,0,-1
0,1.946353026,0.666666667,25,0.536235955,1,0,-1
0,0.22278481,0.142857143,15,0.011235955,0.5,0,-1
0,0.22278481,0.083333333,40,0.011235955,0.5,0,-1
0,0.22278481,0.037037037,115,0.011235955,0.5,0,-1
0,0.22278481,0.052631579,75,0.011235955,0.5,0,-1
0,0.22278481,0.055555556,70,0.011235955,0.5,0,-1
0,0.22278481,0.055555556,70,0.011235955,0.5,0,-1
2,0.22278481,0.055555556,70,0.011235955,0.5,2,-1
0,0.22278481,0.043478261,95,0.011235955,0.5,0,-1
0,0.22278481,0.076923077,45,0.011235955,0.5,0,-1
0,0.22278481,0.076923077,45,0.011235955,0.5,0,-1
0,0.22278481,0.076923077,45,0.011235955,0.5,0,-1
0,0.22278481,0.083333333,40,0.011235955,0.5,0,-1
0,0.22278481,0.024390244,185,0.011235955,0.5,0,-1
0,0.22278481,0.045454545,90,0.011235955,0.5,0,-1
0,0.22278481,0.083333333,40,0.011235955,0.5,0,-1
0,0.22278481,0.058823529,65,0.011235955,0.5,0,-1
0,0.22278481,0.083333333,40,0.011235955,0.5,0,-1
0,0.22278481,0.083333333,40,0.011235955,0.5,0,-1
0,0.22278481,0.083333333,40,0.011235955,0.5,0,-1
0,0.22278481,0.083333333,40,0.011235955,0.5,0,-1
0,1.946353026,0.666666667,25,0.536235955,1,0,-1
0,2.086789614,0.444444444,40,0.611235955,1,0,-1
0,0.22278481,0.1,30,0.011235955,0.5,0,-1
0,0.22278481,0.009708738,495,0.011235955,0.5,0,-1
0,0.22278481,0.1,30,0.011235955,0.5,0,-1
0,0.22278481,0.009708738,495,0.011235955,0.5,0,-1
0,0.22278481,0.1,30,0.011235955,0.5,0,-1
0,0.22278481,0.1,30,0.011235955,0.5,0,-1
0,0.22278481,0.083333333,40,0.011235955,0.5,0,-1
0,0.22278481,0.1,30,0.011235955,0.5,0,-1
0,0.22278481,0.1,30,0.011235955,0.5,0,-1
0,0.22278481,0.066666667,55,0.011235955,0.5,0,-1
0,0.22278481,0.066666667,55,0.011235955,0.5,0,-1
0,0.22278481,0.083333333,40,0.011235955,0.5,0,-1
0,0.22278481,0.066666667,55,0.011235955,0.5,0,-1
0,0.22278481,0.066666667,55,0.011235955,0.5,0,-1
0,0.22278481,0.1,30,0.011235955,0.5,0,-1
1,0.22278481,0.142857143,15,0.011235955,0.5,1,-1
0,0.480898347,0.142857143,15,0.125,0.5,0,-1
0,0.22278481,0.111111111,25,0.011235955,0.5,0,-1
0,0.22278481,0.111111111,25,0.011235955,0.5,0,-1
0,0.22278481,0.111111111,25,0.011235955,0.5,0,-1
0,0.22278481,0.029411765,150,0.011235955,0.5,0,-1
0,0.22278481,0.045454545,90,0.011235955,0.5,0,-1
0,0.22278481,0.045454545,90,0.011235955,0.5,0,-1
0,0.22278481,0.045454545,90,0.011235955,0.5,0,-1
0,0.22278481,0.083333333,40,0.011235955,0.5,0,-1
0,0.22278481,0.083333333,40,0.011235955,0.5,0,-1
0,0.22278481,0.083333333,40,0.011235955,0.5,0,-1
0,0.22278481,0.083333333,40,0.011235955,0.5,0,-1
0,0.22278481,0.045454545,90,0.011235955,0.5,0,-1
0,0.22278481,0.045454545,90,0.011235955,0.5,0,-1
0,0.22278481,0.045454545,90,0.011235955,0.5,0,-1
0,0.22278481,0.045454545,90,0.011235955,0.5,0,-1
0,0.22278481,0.045454545,90,0.011235955,0.5,0,-1
0,0.22278481,0.045454545,90,0.011235955,0.5,0,-1
0,0.22278481,0.045454545,90,0.011235955,0.5,0,-1
0,0.22278481,0.045454545,90,0.011235955,0.5,0,-1
0,0.22278481,0.045454545,90,0.011235955,0.5,0,-1
0,0.22278481,0.045454545,90,0.011235955,0.5,0,-1
0,0.22278481,0.045454545,90,0.011235955,0.5,0,-1
0,0.22278481,0.045454545,90,0.011235955,0.5,0,-1
0,0.22278481,0.083333333,40,0.011235955,0.5,0,-1
0,0.22278481,0.083333333,40,0.011235955,0.5,0,-1
0,0.22278481,0.058823529,65,0.011235955,0.5,0,-1
0,0.22278481,0.058823529,65,0.011235955,0.5,0,-1
0,0.22278481,0.058823529,65,0.011235955,0.5,0,-1
0,0.22278481,0.058823529,65,0.011235955,0.5,0,-1
0,0.22278481,0.058823529,65,0.011235955,0.5,0,-1
0,0.22278481,0.058823529,65,0.011235955,0.5,0,-1
0,0.22278481,0.058823529,65,0.011235955,0.5,0,-1
0,0.22278481,0.058823529,65,0.011235955,0.5,0,-1
0,0.22278481,0.058823529,65,0.011235955,0.5,0,-1
0,0.22278481,0.058823529,65,0.011235955,0.5,0,-1
0,0.480898347,0.142857143,15,0.125,0.5,0,-1
0,0.480898347,0.142857143,15,0.125,0.5,0,-1
0,0.22278481,0.058823529,65,0.011235955,0.5,0,-1
0,3.577148954,0.818181818,100,0.740131579,1,0,-1
0,0.271085031,0.052631579,100,0.025,0.5,0,-1
0,0.271085031,0.047619048,120,0.025,0.5,0,-1
0,0.271085031,0.052631579,100,0.025,0.5,0,-1
0,3.740358405,0.219512195,400,0.815131579,1,0,-1
0,0.610708303,0.0625,240,0.077631579,0.5,0,-1
0,0.610708303,0.0625,240,0.077631579,0.5,0,-1
0,0.271085031,0.043478261,140,0.025,0.5,0,-1
1,3.577148954,0.818181818,100,0.740131579,1,1,-1
0,0.271085031,0.071428571,50,0.025,0.5,0,-1
0,0.271085031,0.033333333,210,0.025,0.5,0,-1
0,0.271085031,0.029411765,250,0.025,0.5,0,-1
0,0.271085031,0.033333333,210,0.025,0.5,0,-1
0,0.271085031,0.058823529,80,0.025,0.5,0,-1
0,3.577148954,0.818181818,100,0.740131579,1,0,-1
0,0.36067376,0.066666667,60,0.0625,0.5,0,-1
0,0.610708303,0.111111111,100,0.077631579,0.5,0,-1
0,0.610708303,0.08,170,0.077631579,0.5,0,-1
0,0.271085031,0.055555556,90,0.025,0.5,0,-1
0,0.271085031,0.047619048,120,0.025,0.5,0,-1
0,0.271085031,0.071428571,50,0.025,0.5,0,-1
0,0.271085031,0.071428571,50,0.025,0.5,0,-1
0,0.271085031,0.058823529,80,0.025,0.5,0,-1
0,0.271085031,0.058823529,80,0.025,0.5,0,-1
0,0.271085031,0.058823529,80,0.025,0.5,0,-1
0,0.271085031,0.058823529,80,0.025,0.5,0,-1
0,3.671820164,0.45,190,0.7875,1,0,-1
0,0.610708303,0.111111111,100,0.077631579,0.5,0,-1
0,0.610708303,0.111111111,100,0.077631579,0.5,0,-1
0,0.610708303,0.111111111,100,0.077631579,0.5,0,-1
0,0.610708303,0.111111111,100,0.077631579,0.5,0,-1
0,0.610708303,0.111111111,100,0.077631579,0.5,0,-1
0,0.271085031,0.055555556,90,0.025,0.5,0,-1
0,0.271085031,0.055555556,90,0.025,0.5,0,-1
0,0.271085031,0.055555556,90,0.025,0.5,0,-1
0,0.271085031,0.037037037,180,0.025,0.5,0,-1
0,0.36067376,0.066666667,60,0.0625,0.5,0,-1
0,0.36067376,0.066666667,60,0.0625,0.5,0,-1
0,0.36067376,0.066666667,60,0.0625,0.5,0,-1
0,0.36067376,0.066666667,60,0.0625,0.5,0,-1
0,3.577148954,0.818181818,100,0.740131579,1,0,-1
0,3.577148954,0.818181818,100,0.740131579,1,0,-1
0,3.577148954,0.818181818,100,0.740131579,1,0,-1
0,3.577148954,0.818181818,100,0.740131579,1,0,-1
0,0.345976256,0.029411765,150,0.055555556,0.5,0,-1
4,1.207288813,0.096774194,120,0.25,0.5,4,-1
5,1.641583295,0.125,180,0.35,1,5,-1
5,1.797264317,0.105263158,360,0.433333333,1,5,-1
2,0.300101629,0.025641026,300,0.035714286,0.5,2,-1
2,0.369269373,0.018181818,780,0.066666667,0.5,2,-1
0,0.345976256,0.020833333,570,0.055555556,0.5,0,-1
0,2.404275013,0.11627907,540,0.629166667,1,0,-1
5,2.192140643,0.161290323,180,0.518055556,1,5,-1
2,0.369269373,0.019607843,660,0.066666667,0.5,2,-1
0,1.207288813,0.081081081,300,0.25,0.5,0,-1
0,0.345976256,0.022727273,450,0.055555556,0.5,0,-1
4,2.380981896,0.125,450,0.618055556,1,4,-1
2,0.300101629,0.025641026,300,0.035714286,0.5,2,-1
10,4.023095379,0.183673469,840,0.966804029,1,10,-1
2,0.300101629,0.024390244,360,0.035714286,0.5,2,-1
2,0.369269373,0.026315789,270,0.066666667,0.5,2,-1
2,0.369269373,0.026315789,270,0.066666667,0.5,2,-1
0,0.345976256,0.029411765,150,0.055555556,0.5,0,-1
5,1.641583295,0.048780488,1680,0.35,0.5,5,-1
6,2.770289691,0.225806452,240,0.567994505,1,6,-1
11,6.225311021,0.419354839,420,1.621998834,1,11,-1
11,6.225311021,0.419354839,420,1.621998834,1,11,-1
9,2.861316793,0.194444444,390,0.616071429,1,9,-1
9,2.770289691,0.225806452,240,0.567994505,1,9,-1
0,0.345976256,0.027777778,210,0.055555556,0.5,0,-1
0,2.770289691,0.225806452,240,0.567994505,1,0,-1
2,0.300101629,0.03125,90,0.035714286,0.5,2,-1
0,0.345976256,0.027777778,210,0.055555556,0.5,0,-1
4,2.192140643,0.161290323,180,0.518055556,1,4,-1
5,1.797264317,0.105263158,360,0.433333333,1,5,-1
0,0.345976256,0.026315789,270,0.055555556,0.5,0,-1
5,1.797264317,0.105263158,360,0.433333333,1,5,-1
0,0.369269373,0.025641026,300,0.066666667,0.5,0,-1
0,0.345976256,0.027777778,210,0.055555556,0.5,0,-1
0,0.345976256,0.027777778,210,0.055555556,0.5,0,-1
0,0.345976256,0.027777778,210,0.055555556,0.5,0,-1
2,0.300101629,0.025641026,300,0.035714286,0.5,2,-1
0,0.369269373,0.025641026,300,0.066666667,0.5,0,-1
2,0.300101629,0.025641026,300,0.035714286,0.5,2,-1
5,2.598067313,0.193548387,210,0.607738095,1,5,-1
2,0.369269373,0.019607843,660,0.066666667,0.5,2,-1
0,1.932520094,0.161290323,180,0.383928571,1,0,-1
0,0.345976256,0.024390244,360,0.055555556,0.5,0,-1
0,0.345976256,0.026315789,270,0.055555556,0.5,0,-1
2,0.300101629,0.021276596,540,0.035714286,0.5,2,-1
3,0.689972874,0.054054054,270,0.112637363,0.5,3,-1
6,0.689972874,0.041666667,600,0.112637363,0.5,6,-1
12,2.986524103,0.193548387,210,0.805194805,1,12,-1
2,0.300101629,0.025641026,300,0.035714286,0.5,2,-1
5,1.641583295,0.121212121,210,0.35,0.5,5,-1
5,1.76539944,0.111111111,300,0.416666667,1,5,-1
5,1.641583295,0.121212121,210,0.35,0.5,5,-1
7,2.986524103,0.193548387,210,0.805194805,1,7,-1
12,2.986524103,0.193548387,210,0.805194805,1,12,-1
12,2.986524103,0.193548387,210,0.805194805,1,12,-1
12,2.986524103,0.193548387,210,0.805194805,1,12,-1
7,1.796213689,0.129032258,150,0.433766234,1,7,-1
0,1.641583295,0.121212121,210,0.35,0.5,0,-1
5,1.632418466,0.129032258,150,0.348214286,1,5,-1
2,0.300101629,0.025641026,300,0.035714286,0.5,2,-1
2,0.300101629,0.02173913,510,0.035714286,0.5,2,-1
12,2.986524103,0.193548387,210,0.805194805,1,12,-1
6,0.689972874,0.058823529,180,0.112637363,0.5,6,-1
3,0.689972874,0.058823529,180,0.112637363,0.5,3,-1
6,0.689972874,0.058823529,180,0.112637363,0.5,6,-1
2,0.300101629,0.023255814,420,0.035714286,0.5,2,-1
2,0.300101629,0.025641026,300,0.035714286,0.5,2,-1
2,0.300101629,0.025641026,300,0.035714286,0.5,2,-1
7,1.796213689,0.129032258,150,0.433766234,1,7,-1
0,0.369269373,0.026315789,270,0.066666667,0.5,0,-1
6,2.199693922,0.166666667,150,0.516666667,0.5,6,-1
2,0.369269373,0.026315789,270,0.066666667,0.5,2,-1
0,0.271085031,0.052631579,100,0.025,0.5,0,-1
0,0.271085031,0.047619048,120,0.025,0.5,0,-1
0,0.271085031,0.052631579,100,0.025,0.5,0,-1
0,3.740358405,0.219512195,400,0.815131579,1,0,-1
0,0.610708303,0.0625,240,0.077631579,0.5,0,-1
0,0.610708303,0.0625,240,0.077631579,0.5,0,-1
0,0.271085031,0.043478261,140,0.025,0.5,0,-1
0,3.577148954,0.818181818,100,0.740131579,1,0,-1
0,0.271085031,0.071428571,50,0.025,0.5,0,-1
0,0.271085031,0.033333333,210,0.025,0.5,0,-1
0,0.271085031,0.029411765,250,0.025,0.5,0,-1
0,0.271085031,0.033333333,210,0.025,0.5,0,-1
0,0.271085031,0.058823529,80,0.025,0.5,0,-1
